rule_id,year_start,year_end,flag,code,action,target_columns,row_predicate,accounting_standard,form,part,review_status,source_reference,rationale
EXT24-PRCH-PRCH_C--2--2,2024,2024,PRCH_C,-2,retain,,"{""STAT_C"":-2}",not_applicable,C,none,approved,Original IPEDS202425.accdb SHA256 98e9175e54ba719cf7f0bfcc8e043fac4d11babd1b73ba1701ebbdc23e5470f5; exact physical schema and varTable24; effective source_manifest.json records final fall revisions.,Authorized 2024 integration audit: annual FLAGS/valueSets meanings reviewed; observed code and exact status/form predicate; scalar physical sources only. Preserve 2023 per-form finance section semantics; moved Cost fields governed separately by PRCH_COS (all -2 in 2024).
EXT24-PRCH-PRCH_C--2--9,2024,2024,PRCH_C,-2,retain,,"{""STAT_C"":-9}",not_applicable,C,none,approved,Original IPEDS202425.accdb SHA256 98e9175e54ba719cf7f0bfcc8e043fac4d11babd1b73ba1701ebbdc23e5470f5; exact physical schema and varTable24; effective source_manifest.json records final fall revisions.,Authorized 2024 integration audit: annual FLAGS/valueSets meanings reviewed; observed code and exact status/form predicate; scalar physical sources only. Preserve 2023 per-form finance section semantics; moved Cost fields governed separately by PRCH_COS (all -2 in 2024).
EXT24-PRCH-PRCH_C--2-1,2024,2024,PRCH_C,-2,retain,,"{""STAT_C"":1}",not_applicable,C,none,approved,Original IPEDS202425.accdb SHA256 98e9175e54ba719cf7f0bfcc8e043fac4d11babd1b73ba1701ebbdc23e5470f5; exact physical schema and varTable24; effective source_manifest.json records final fall revisions.,Authorized 2024 integration audit: annual FLAGS/valueSets meanings reviewed; observed code and exact status/form predicate; scalar physical sources only. Preserve 2023 per-form finance section semantics; moved Cost fields governed separately by PRCH_COS (all -2 in 2024).
EXT24-PRCH-PRCH_C--2-2,2024,2024,PRCH_C,-2,retain,,"{""STAT_C"":2}",not_applicable,C,none,approved,Original IPEDS202425.accdb SHA256 98e9175e54ba719cf7f0bfcc8e043fac4d11babd1b73ba1701ebbdc23e5470f5; exact physical schema and varTable24; effective source_manifest.json records final fall revisions.,Authorized 2024 integration audit: annual FLAGS/valueSets meanings reviewed; observed code and exact status/form predicate; scalar physical sources only. Preserve 2023 per-form finance section semantics; moved Cost fields governed separately by PRCH_COS (all -2 in 2024).
EXT24-PRCH-PRCH_C--2-4,2024,2024,PRCH_C,-2,retain,,"{""STAT_C"":4}",not_applicable,C,none,approved,Original IPEDS202425.accdb SHA256 98e9175e54ba719cf7f0bfcc8e043fac4d11babd1b73ba1701ebbdc23e5470f5; exact physical schema and varTable24; effective source_manifest.json records final fall revisions.,Authorized 2024 integration audit: annual FLAGS/valueSets meanings reviewed; observed code and exact status/form predicate; scalar physical sources only. Preserve 2023 per-form finance section semantics; moved Cost fields governed separately by PRCH_COS (all -2 in 2024).
EXT24-PRCH-PRCH_C--2-5,2024,2024,PRCH_C,-2,retain,,"{""STAT_C"":5}",not_applicable,C,none,approved,Original IPEDS202425.accdb SHA256 98e9175e54ba719cf7f0bfcc8e043fac4d11babd1b73ba1701ebbdc23e5470f5; exact physical schema and varTable24; effective source_manifest.json records final fall revisions.,Authorized 2024 integration audit: annual FLAGS/valueSets meanings reviewed; observed code and exact status/form predicate; scalar physical sources only. Preserve 2023 per-form finance section semantics; moved Cost fields governed separately by PRCH_COS (all -2 in 2024).
EXT24-PRCH-PRCH_C-1-1,2024,2024,PRCH_C,1,retain,,"{""STAT_C"":1}",not_applicable,C,none,approved,Original IPEDS202425.accdb SHA256 98e9175e54ba719cf7f0bfcc8e043fac4d11babd1b73ba1701ebbdc23e5470f5; exact physical schema and varTable24; effective source_manifest.json records final fall revisions.,Authorized 2024 integration audit: annual FLAGS/valueSets meanings reviewed; observed code and exact status/form predicate; scalar physical sources only. Preserve 2023 per-form finance section semantics; moved Cost fields governed separately by PRCH_COS (all -2 in 2024).
EXT24-PRCH-PRCH_C-2-1,2024,2024,PRCH_C,2,null,ASCDEG|BASDEG|CERT1A|CERT1B|CERT1__DRVC__00031369__0609324789C5|CERT2__DRVC__00031368__C2B7E89A489D|CERT4__DRVC__00031366__AAC5019192ED|CS2MORM|CS2MORT|CS2MORW|CSAIANM|CSAIANT|CSAIANW|CSASIAM|CSASIAT|CSASIAW|CSBKAAM|CSBKAAT|CSBKAAW|CSGUGAG|CSGUGTOT|CSGUGUN|CSGUKN|CSGUTOT|CSGUTOTAG|CSGUTOTUN|CSGUUGAG|CSGUUGTT|CSGUUGUN|CSHISPM|CSHISPT|CSHISPW|CSNHPIM|CSNHPIT|CSNHPIW|CSNRALM|CSNRALT|CSNRALW|CSTOTLM|CSTOTLT|CSTOTLW|CSUNKNM|CSUNKNT|CSUNKNW|CSWHITM|CSWHITT|CSWHITW|DOCDEGOT|DOCDEGPP|DOCDEGRS|MASDEG|PBACERT|PMACERT|SASCDEG|SBAMACRT|SBASDEG|SCERT1A|SCERT1B|SCERT24|SDOCDEG|SMASDEG,"{""STAT_C"":1}",not_applicable,C,component_scalar_payload,approved,Original IPEDS202425.accdb SHA256 98e9175e54ba719cf7f0bfcc8e043fac4d11babd1b73ba1701ebbdc23e5470f5; exact physical schema and varTable24; effective source_manifest.json records final fall revisions.,Authorized 2024 integration audit: annual FLAGS/valueSets meanings reviewed; observed code and exact status/form predicate; scalar physical sources only. Preserve 2023 per-form finance section semantics; moved Cost fields governed separately by PRCH_COS (all -2 in 2024).
EXT24-PRCH-PRCH_E12--2--2,2024,2024,PRCH_E12,-2,retain,,"{""STAT_E12"":-2}",not_applicable,E12,none,approved,Original IPEDS202425.accdb SHA256 98e9175e54ba719cf7f0bfcc8e043fac4d11babd1b73ba1701ebbdc23e5470f5; exact physical schema and varTable24; effective source_manifest.json records final fall revisions.,Authorized 2024 integration audit: annual FLAGS/valueSets meanings reviewed; observed code and exact status/form predicate; scalar physical sources only. Preserve 2023 per-form finance section semantics; moved Cost fields governed separately by PRCH_COS (all -2 in 2024).
EXT24-PRCH-PRCH_E12--2--9,2024,2024,PRCH_E12,-2,retain,,"{""STAT_E12"":-9}",not_applicable,E12,none,approved,Original IPEDS202425.accdb SHA256 98e9175e54ba719cf7f0bfcc8e043fac4d11babd1b73ba1701ebbdc23e5470f5; exact physical schema and varTable24; effective source_manifest.json records final fall revisions.,Authorized 2024 integration audit: annual FLAGS/valueSets meanings reviewed; observed code and exact status/form predicate; scalar physical sources only. Preserve 2023 per-form finance section semantics; moved Cost fields governed separately by PRCH_COS (all -2 in 2024).
EXT24-PRCH-PRCH_E12--2-1,2024,2024,PRCH_E12,-2,retain,,"{""STAT_E12"":1}",not_applicable,E12,none,approved,Original IPEDS202425.accdb SHA256 98e9175e54ba719cf7f0bfcc8e043fac4d11babd1b73ba1701ebbdc23e5470f5; exact physical schema and varTable24; effective source_manifest.json records final fall revisions.,Authorized 2024 integration audit: annual FLAGS/valueSets meanings reviewed; observed code and exact status/form predicate; scalar physical sources only. Preserve 2023 per-form finance section semantics; moved Cost fields governed separately by PRCH_COS (all -2 in 2024).
EXT24-PRCH-PRCH_E12--2-4,2024,2024,PRCH_E12,-2,retain,,"{""STAT_E12"":4}",not_applicable,E12,none,approved,Original IPEDS202425.accdb SHA256 98e9175e54ba719cf7f0bfcc8e043fac4d11babd1b73ba1701ebbdc23e5470f5; exact physical schema and varTable24; effective source_manifest.json records final fall revisions.,Authorized 2024 integration audit: annual FLAGS/valueSets meanings reviewed; observed code and exact status/form predicate; scalar physical sources only. Preserve 2023 per-form finance section semantics; moved Cost fields governed separately by PRCH_COS (all -2 in 2024).
EXT24-PRCH-PRCH_E12--2-5,2024,2024,PRCH_E12,-2,retain,,"{""STAT_E12"":5}",not_applicable,E12,none,approved,Original IPEDS202425.accdb SHA256 98e9175e54ba719cf7f0bfcc8e043fac4d11babd1b73ba1701ebbdc23e5470f5; exact physical schema and varTable24; effective source_manifest.json records final fall revisions.,Authorized 2024 integration audit: annual FLAGS/valueSets meanings reviewed; observed code and exact status/form predicate; scalar physical sources only. Preserve 2023 per-form finance section semantics; moved Cost fields governed separately by PRCH_COS (all -2 in 2024).
EXT24-PRCH-PRCH_E12-1-1,2024,2024,PRCH_E12,1,retain,,"{""STAT_E12"":1}",not_applicable,E12,none,approved,Original IPEDS202425.accdb SHA256 98e9175e54ba719cf7f0bfcc8e043fac4d11babd1b73ba1701ebbdc23e5470f5; exact physical schema and varTable24; effective source_manifest.json records final fall revisions.,Authorized 2024 integration audit: annual FLAGS/valueSets meanings reviewed; observed code and exact status/form predicate; scalar physical sources only. Preserve 2023 per-form finance section semantics; moved Cost fields governed separately by PRCH_COS (all -2 in 2024).
EXT24-PRCH-PRCH_E12-2-1,2024,2024,PRCH_E12,2,null,ACTTYPE|CDACTGA|CDACTUA|CNACTUA|E12FT|E12GRAD|E12GRADFT|E12GRADPT|E12PT|E12UG1SFT|E12UG1SPT|E12UG1ST|E12UGCNFT|E12UGCNPT|E12UGCNT|E12UGFT|E12UGNDFT|E12UGNDG|E12UGNDPT|E12UGPT|E12UGTRFT|E12UGTRN|E12UGTRPT|EFTEGD|EFTEUG|EFY2MORM|EFY2MORT|EFY2MORW|EFYAIANM|EFYAIANT|EFYAIANW|EFYASIAM|EFYASIAT|EFYASIAW|EFYBKAAM|EFYBKAAT|EFYBKAAW|EFYHISPM|EFYHISPT|EFYHISPW|EFYNHPIM|EFYNHPIT|EFYNHPIW|EFYNRALM|EFYNRALT|EFYNRALW|EFYTOTLM|EFYTOTLT|EFYTOTLW|EFYUNKNM|EFYUNKNT|EFYUNKNW|EFYWHITM|EFYWHITT|EFYWHITW|FTE12MN__DRVEF__00023365__D19CDB73F482|FTEDPP|FTEGD|FTEUG|PCTE122M|PCTE12AN|PCTE12AS|PCTE12BK|PCTE12DEEXC|PCTE12DENON|PCTE12DESOM|PCTE12GRAD2M|PCTE12GRADAN|PCTE12GRADAS|PCTE12GRADBK|PCTE12GRADDEEXC|PCTE12GRADDENON|PCTE12GRADDESOM|PCTE12GRADHS|PCTE12GRADNH|PCTE12GRADNR|PCTE12GRADUN|PCTE12GRADW|PCTE12GRADWH|PCTE12HS|PCTE12NH|PCTE12NR|PCTE12UG2M|PCTE12UGAN|PCTE12UGAS|PCTE12UGBK|PCTE12UGDEEXC|PCTE12UGDENON|PCTE12UGDESOM|PCTE12UGHS|PCTE12UGNH|PCTE12UGNR|PCTE12UGUN|PCTE12UGW|PCTE12UGWH|PCTE12UN|PCTE12W|PCTE12WH|UNDUPUG__DRVEF__00023362__D48A5E9E4CFF|UNDUP__DRVEF__00023360__ED2D6A649A9F,"{""STAT_E12"":1}",not_applicable,E12,component_scalar_payload,approved,Original IPEDS202425.accdb SHA256 98e9175e54ba719cf7f0bfcc8e043fac4d11babd1b73ba1701ebbdc23e5470f5; exact physical schema and varTable24; effective source_manifest.json records final fall revisions.,Authorized 2024 integration audit: annual FLAGS/valueSets meanings reviewed; observed code and exact status/form predicate; scalar physical sources only. Preserve 2023 per-form finance section semantics; moved Cost fields governed separately by PRCH_COS (all -2 in 2024).
EXT24-PRCH-PRCH_COS--2--2,2024,2024,PRCH_COS,-2,retain,,"{""STAT_COS"":-2}",not_applicable,COS,none,approved,Original IPEDS202425.accdb SHA256 98e9175e54ba719cf7f0bfcc8e043fac4d11babd1b73ba1701ebbdc23e5470f5; exact physical schema and varTable24; effective source_manifest.json records final fall revisions.,Authorized 2024 integration audit: annual FLAGS/valueSets meanings reviewed; observed code and exact status/form predicate; scalar physical sources only. Preserve 2023 per-form finance section semantics; moved Cost fields governed separately by PRCH_COS (all -2 in 2024).
EXT24-PRCH-PRCH_COS--2--9,2024,2024,PRCH_COS,-2,retain,,"{""STAT_COS"":-9}",not_applicable,COS,none,approved,Original IPEDS202425.accdb SHA256 98e9175e54ba719cf7f0bfcc8e043fac4d11babd1b73ba1701ebbdc23e5470f5; exact physical schema and varTable24; effective source_manifest.json records final fall revisions.,Authorized 2024 integration audit: annual FLAGS/valueSets meanings reviewed; observed code and exact status/form predicate; scalar physical sources only. Preserve 2023 per-form finance section semantics; moved Cost fields governed separately by PRCH_COS (all -2 in 2024).
EXT24-PRCH-PRCH_COS--2-1,2024,2024,PRCH_COS,-2,retain,,"{""STAT_COS"":1}",not_applicable,COS,none,approved,Original IPEDS202425.accdb SHA256 98e9175e54ba719cf7f0bfcc8e043fac4d11babd1b73ba1701ebbdc23e5470f5; exact physical schema and varTable24; effective source_manifest.json records final fall revisions.,Authorized 2024 integration audit: annual FLAGS/valueSets meanings reviewed; observed code and exact status/form predicate; scalar physical sources only. Preserve 2023 per-form finance section semantics; moved Cost fields governed separately by PRCH_COS (all -2 in 2024).
EXT24-PRCH-PRCH_COS--2-2,2024,2024,PRCH_COS,-2,retain,,"{""STAT_COS"":2}",not_applicable,COS,none,approved,Original IPEDS202425.accdb SHA256 98e9175e54ba719cf7f0bfcc8e043fac4d11babd1b73ba1701ebbdc23e5470f5; exact physical schema and varTable24; effective source_manifest.json records final fall revisions.,Authorized 2024 integration audit: annual FLAGS/valueSets meanings reviewed; observed code and exact status/form predicate; scalar physical sources only. Preserve 2023 per-form finance section semantics; moved Cost fields governed separately by PRCH_COS (all -2 in 2024).
EXT24-PRCH-PRCH_COS--2-4,2024,2024,PRCH_COS,-2,retain,,"{""STAT_COS"":4}",not_applicable,COS,none,approved,Original IPEDS202425.accdb SHA256 98e9175e54ba719cf7f0bfcc8e043fac4d11babd1b73ba1701ebbdc23e5470f5; exact physical schema and varTable24; effective source_manifest.json records final fall revisions.,Authorized 2024 integration audit: annual FLAGS/valueSets meanings reviewed; observed code and exact status/form predicate; scalar physical sources only. Preserve 2023 per-form finance section semantics; moved Cost fields governed separately by PRCH_COS (all -2 in 2024).
EXT24-PRCH-PRCH_COS--2-5,2024,2024,PRCH_COS,-2,retain,,"{""STAT_COS"":5}",not_applicable,COS,none,approved,Original IPEDS202425.accdb SHA256 98e9175e54ba719cf7f0bfcc8e043fac4d11babd1b73ba1701ebbdc23e5470f5; exact physical schema and varTable24; effective source_manifest.json records final fall revisions.,Authorized 2024 integration audit: annual FLAGS/valueSets meanings reviewed; observed code and exact status/form predicate; scalar physical sources only. Preserve 2023 per-form finance section semantics; moved Cost fields governed separately by PRCH_COS (all -2 in 2024).
EXT24-PRCH-PRCH_SFA--2--2,2024,2024,PRCH_SFA,-2,retain,,"{""STAT_SFA"":-2}",not_applicable,SFA,none,approved,Original IPEDS202425.accdb SHA256 98e9175e54ba719cf7f0bfcc8e043fac4d11babd1b73ba1701ebbdc23e5470f5; exact physical schema and varTable24; effective source_manifest.json records final fall revisions.,Authorized 2024 integration audit: annual FLAGS/valueSets meanings reviewed; observed code and exact status/form predicate; scalar physical sources only. Preserve 2023 per-form finance section semantics; moved Cost fields governed separately by PRCH_COS (all -2 in 2024).
EXT24-PRCH-PRCH_SFA--2--9,2024,2024,PRCH_SFA,-2,retain,,"{""STAT_SFA"":-9}",not_applicable,SFA,none,approved,Original IPEDS202425.accdb SHA256 98e9175e54ba719cf7f0bfcc8e043fac4d11babd1b73ba1701ebbdc23e5470f5; exact physical schema and varTable24; effective source_manifest.json records final fall revisions.,Authorized 2024 integration audit: annual FLAGS/valueSets meanings reviewed; observed code and exact status/form predicate; scalar physical sources only. Preserve 2023 per-form finance section semantics; moved Cost fields governed separately by PRCH_COS (all -2 in 2024).
EXT24-PRCH-PRCH_SFA--2-1,2024,2024,PRCH_SFA,-2,retain,,"{""STAT_SFA"":1}",not_applicable,SFA,none,approved,Original IPEDS202425.accdb SHA256 98e9175e54ba719cf7f0bfcc8e043fac4d11babd1b73ba1701ebbdc23e5470f5; exact physical schema and varTable24; effective source_manifest.json records final fall revisions.,Authorized 2024 integration audit: annual FLAGS/valueSets meanings reviewed; observed code and exact status/form predicate; scalar physical sources only. Preserve 2023 per-form finance section semantics; moved Cost fields governed separately by PRCH_COS (all -2 in 2024).
EXT24-PRCH-PRCH_SFA--2-4,2024,2024,PRCH_SFA,-2,retain,,"{""STAT_SFA"":4}",not_applicable,SFA,none,approved,Original IPEDS202425.accdb SHA256 98e9175e54ba719cf7f0bfcc8e043fac4d11babd1b73ba1701ebbdc23e5470f5; exact physical schema and varTable24; effective source_manifest.json records final fall revisions.,Authorized 2024 integration audit: annual FLAGS/valueSets meanings reviewed; observed code and exact status/form predicate; scalar physical sources only. Preserve 2023 per-form finance section semantics; moved Cost fields governed separately by PRCH_COS (all -2 in 2024).
EXT24-PRCH-PRCH_SFA--2-5,2024,2024,PRCH_SFA,-2,retain,,"{""STAT_SFA"":5}",not_applicable,SFA,none,approved,Original IPEDS202425.accdb SHA256 98e9175e54ba719cf7f0bfcc8e043fac4d11babd1b73ba1701ebbdc23e5470f5; exact physical schema and varTable24; effective source_manifest.json records final fall revisions.,Authorized 2024 integration audit: annual FLAGS/valueSets meanings reviewed; observed code and exact status/form predicate; scalar physical sources only. Preserve 2023 per-form finance section semantics; moved Cost fields governed separately by PRCH_COS (all -2 in 2024).
EXT24-PRCH-PRCH_SFA-1-1,2024,2024,PRCH_SFA,1,retain,,"{""STAT_SFA"":1}",not_applicable,SFA,none,approved,Original IPEDS202425.accdb SHA256 98e9175e54ba719cf7f0bfcc8e043fac4d11babd1b73ba1701ebbdc23e5470f5; exact physical schema and varTable24; effective source_manifest.json records final fall revisions.,Authorized 2024 integration audit: annual FLAGS/valueSets meanings reviewed; observed code and exact status/form predicate; scalar physical sources only. Preserve 2023 per-form finance section semantics; moved Cost fields governed separately by PRCH_COS (all -2 in 2024).
EXT24-PRCH-PRCH_SFA-2-1,2024,2024,PRCH_SFA,2,null,AGRNT_A__SFA_P__00070321__516B07129244|AGRNT_N__SFA_P__00070311__7772381601BE|AGRNT_P__SFA_P__00070316__6D2CBF72DB63|AGRNT_T|AIDFSIN|AIDFSIP|ANYAIDN__SFA_P__00070196__9C746E21D858|ANYAIDP__SFA_P__00070201__3029359FB165|DOD_A|DOD_N|DOD_T|FGRNT_A__SFA_P__00070216__A44C9F2D3A23|FGRNT_N__SFA_P__00070206__8A619698EC6E|FGRNT_P__SFA_P__00070211__6854879C86ED|FGRNT_T|FLOAN_A__SFA_P__00070366__7359E5980342|FLOAN_N__SFA_P__00070356__8885517A3C9A|FLOAN_P__SFA_P__00070361__A9AEB207431F|FLOAN_T|GDOD_A|GDOD_N|GDOD_T|GPO9_A|GPO9_N|GPO9_T|IGRNT_A__SFA_P__00070246__1F4182AE6E2D|IGRNT_N__SFA_P__00070236__4B0668A4E245|IGRNT_P__SFA_P__00070241__C988B60A751A|IGRNT_T|LOAN_A__SFA_P__00070261__785B5A2F13FF|LOAN_N__SFA_P__00070251__693A87D05E92|LOAN_P__SFA_P__00070256__88845B92CADA|LOAN_T|OFGRT_A__SFA_P__00070351__3DD90321F045|OFGRT_N__SFA_P__00070341__31E149257E89|OFGRT_P__SFA_P__00070346__F206221D684E|OFGRT_T|OLOAN_A__SFA_P__00070381__59C3439C3DDF|OLOAN_N__SFA_P__00070371__998B77A1614F|OLOAN_P__SFA_P__00070376__5F155D73990C|OLOAN_T|PGRNT_A__SFA_P__00070336__58371BC76411|PGRNT_N__SFA_P__00070326__C7F9332BE1B9|PGRNT_P__SFA_P__00070331__68C7460741C4|PGRNT_T|PO9_A|PO9_N|PO9_T|SCFA1N__SFA_P__00070126__333E45B5BCDA|SCFA1P__SFA_P__00070131__A90DF6170E34|SCFA2DG|SCFA2ND|SCFA2__SFA_P__00070176__A64DAD4D82AB|SCFY1N__SFA_P__00070181__87199A4B1142|SCFY1P__SFA_P__00070186__21363DA29931|SCFY2DG|SCFY2ND|SCFY2__SFA_P__00070191__3ECFEDF8E81F|SCUGDGSK|SCUGFFN|SCUGFFP|SCUGNDGS|SCUGRAD|SGRNT_A__SFA_P__00070231__1E5CD17699BB|SGRNT_N__SFA_P__00070221__4CBF9751C590|SGRNT_P__SFA_P__00070226__E127A08E7B82|SGRNT_T|UAGRNTA|UAGRNTN|UAGRNTP|UAGRNTT|UDGAGRNTA|UDGAGRNTN|UDGAGRNTP|UDGAGRNTT|UDGFLOANA|UDGFLOANN|UDGFLOANP|UDGFLOANT|UDGPGRNTA|UDGPGRNTN|UDGPGRNTP|UDGPGRNTT|UFLOANA|UFLOANN|UFLOANP|UFLOANT|UGDOD_A|UGDOD_N|UGDOD_T|UGPO9_A|UGPO9_N|UGPO9_T|UNDAGRNTA|UNDAGRNTN|UNDAGRNTP|UNDAGRNTT|UNDFLOANA|UNDFLOANN|UNDFLOANP|UNDFLOANT|UNDPGRNTA|UNDPGRNTN|UNDPGRNTP|UNDPGRNTT|UPGRNTA|UPGRNTN|UPGRNTP|UPGRNTT,"{""STAT_SFA"":1}",not_applicable,SFA,component_scalar_payload,approved,Original IPEDS202425.accdb SHA256 98e9175e54ba719cf7f0bfcc8e043fac4d11babd1b73ba1701ebbdc23e5470f5; exact physical schema and varTable24; effective source_manifest.json records final fall revisions.,"Authorized 2024 integration audit: annual FLAGS/valueSets meanings reviewed; observed code and exact status/form predicate; scalar physical sources only. Preserve 2023 per-form finance section semantics; moved Cost fields governed separately by PRCH_COS (all -2 in 2024). New SFAV participation indicators PARTVT/PO9/DOD are retained as institution participation context, not automatically nulled with financial counts/amounts. The sole 2024 SFA child has no SFA/SFAV source row."
EXT24-PRCH-PRCH_GR--2--2,2024,2024,PRCH_GR,-2,retain,,"{""STAT_GR"":-2}",not_applicable,GR,none,approved,Original IPEDS202425.accdb SHA256 98e9175e54ba719cf7f0bfcc8e043fac4d11babd1b73ba1701ebbdc23e5470f5; exact physical schema and varTable24; effective source_manifest.json records final fall revisions.,Authorized 2024 integration audit: annual FLAGS/valueSets meanings reviewed; observed code and exact status/form predicate; scalar physical sources only. Preserve 2023 per-form finance section semantics; moved Cost fields governed separately by PRCH_COS (all -2 in 2024).
EXT24-PRCH-PRCH_GR--2--9,2024,2024,PRCH_GR,-2,retain,,"{""STAT_GR"":-9}",not_applicable,GR,none,approved,Original IPEDS202425.accdb SHA256 98e9175e54ba719cf7f0bfcc8e043fac4d11babd1b73ba1701ebbdc23e5470f5; exact physical schema and varTable24; effective source_manifest.json records final fall revisions.,Authorized 2024 integration audit: annual FLAGS/valueSets meanings reviewed; observed code and exact status/form predicate; scalar physical sources only. Preserve 2023 per-form finance section semantics; moved Cost fields governed separately by PRCH_COS (all -2 in 2024).
EXT24-PRCH-PRCH_GR--2-1,2024,2024,PRCH_GR,-2,retain,,"{""STAT_GR"":1}",not_applicable,GR,none,approved,Original IPEDS202425.accdb SHA256 98e9175e54ba719cf7f0bfcc8e043fac4d11babd1b73ba1701ebbdc23e5470f5; exact physical schema and varTable24; effective source_manifest.json records final fall revisions.,Authorized 2024 integration audit: annual FLAGS/valueSets meanings reviewed; observed code and exact status/form predicate; scalar physical sources only. Preserve 2023 per-form finance section semantics; moved Cost fields governed separately by PRCH_COS (all -2 in 2024).
EXT24-PRCH-PRCH_GR--2-4,2024,2024,PRCH_GR,-2,retain,,"{""STAT_GR"":4}",not_applicable,GR,none,approved,Original IPEDS202425.accdb SHA256 98e9175e54ba719cf7f0bfcc8e043fac4d11babd1b73ba1701ebbdc23e5470f5; exact physical schema and varTable24; effective source_manifest.json records final fall revisions.,Authorized 2024 integration audit: annual FLAGS/valueSets meanings reviewed; observed code and exact status/form predicate; scalar physical sources only. Preserve 2023 per-form finance section semantics; moved Cost fields governed separately by PRCH_COS (all -2 in 2024).
EXT24-PRCH-PRCH_GR--2-5,2024,2024,PRCH_GR,-2,retain,,"{""STAT_GR"":5}",not_applicable,GR,none,approved,Original IPEDS202425.accdb SHA256 98e9175e54ba719cf7f0bfcc8e043fac4d11babd1b73ba1701ebbdc23e5470f5; exact physical schema and varTable24; effective source_manifest.json records final fall revisions.,Authorized 2024 integration audit: annual FLAGS/valueSets meanings reviewed; observed code and exact status/form predicate; scalar physical sources only. Preserve 2023 per-form finance section semantics; moved Cost fields governed separately by PRCH_COS (all -2 in 2024).
EXT24-PRCH-PRCH_GR2--2--2,2024,2024,PRCH_GR2,-2,retain,,"{""STAT_GR2"":-2}",not_applicable,GR2,none,approved,Original IPEDS202425.accdb SHA256 98e9175e54ba719cf7f0bfcc8e043fac4d11babd1b73ba1701ebbdc23e5470f5; exact physical schema and varTable24; effective source_manifest.json records final fall revisions.,Authorized 2024 integration audit: annual FLAGS/valueSets meanings reviewed; observed code and exact status/form predicate; scalar physical sources only. Preserve 2023 per-form finance section semantics; moved Cost fields governed separately by PRCH_COS (all -2 in 2024).
EXT24-PRCH-PRCH_GR2--2--9,2024,2024,PRCH_GR2,-2,retain,,"{""STAT_GR2"":-9}",not_applicable,GR2,none,approved,Original IPEDS202425.accdb SHA256 98e9175e54ba719cf7f0bfcc8e043fac4d11babd1b73ba1701ebbdc23e5470f5; exact physical schema and varTable24; effective source_manifest.json records final fall revisions.,Authorized 2024 integration audit: annual FLAGS/valueSets meanings reviewed; observed code and exact status/form predicate; scalar physical sources only. Preserve 2023 per-form finance section semantics; moved Cost fields governed separately by PRCH_COS (all -2 in 2024).
EXT24-PRCH-PRCH_GR2--2-1,2024,2024,PRCH_GR2,-2,retain,,"{""STAT_GR2"":1}",not_applicable,GR2,none,approved,Original IPEDS202425.accdb SHA256 98e9175e54ba719cf7f0bfcc8e043fac4d11babd1b73ba1701ebbdc23e5470f5; exact physical schema and varTable24; effective source_manifest.json records final fall revisions.,Authorized 2024 integration audit: annual FLAGS/valueSets meanings reviewed; observed code and exact status/form predicate; scalar physical sources only. Preserve 2023 per-form finance section semantics; moved Cost fields governed separately by PRCH_COS (all -2 in 2024).
EXT24-PRCH-PRCH_GR2--2-4,2024,2024,PRCH_GR2,-2,retain,,"{""STAT_GR2"":4}",not_applicable,GR2,none,approved,Original IPEDS202425.accdb SHA256 98e9175e54ba719cf7f0bfcc8e043fac4d11babd1b73ba1701ebbdc23e5470f5; exact physical schema and varTable24; effective source_manifest.json records final fall revisions.,Authorized 2024 integration audit: annual FLAGS/valueSets meanings reviewed; observed code and exact status/form predicate; scalar physical sources only. Preserve 2023 per-form finance section semantics; moved Cost fields governed separately by PRCH_COS (all -2 in 2024).
EXT24-PRCH-PRCH_GR2--2-5,2024,2024,PRCH_GR2,-2,retain,,"{""STAT_GR2"":5}",not_applicable,GR2,none,approved,Original IPEDS202425.accdb SHA256 98e9175e54ba719cf7f0bfcc8e043fac4d11babd1b73ba1701ebbdc23e5470f5; exact physical schema and varTable24; effective source_manifest.json records final fall revisions.,Authorized 2024 integration audit: annual FLAGS/valueSets meanings reviewed; observed code and exact status/form predicate; scalar physical sources only. Preserve 2023 per-form finance section semantics; moved Cost fields governed separately by PRCH_COS (all -2 in 2024).
EXT24-PRCH-PRCH_OM--2--2,2024,2024,PRCH_OM,-2,retain,,"{""STAT_OM"":-2}",not_applicable,OM,none,approved,Original IPEDS202425.accdb SHA256 98e9175e54ba719cf7f0bfcc8e043fac4d11babd1b73ba1701ebbdc23e5470f5; exact physical schema and varTable24; effective source_manifest.json records final fall revisions.,Authorized 2024 integration audit: annual FLAGS/valueSets meanings reviewed; observed code and exact status/form predicate; scalar physical sources only. Preserve 2023 per-form finance section semantics; moved Cost fields governed separately by PRCH_COS (all -2 in 2024).
EXT24-PRCH-PRCH_OM--2--9,2024,2024,PRCH_OM,-2,retain,,"{""STAT_OM"":-9}",not_applicable,OM,none,approved,Original IPEDS202425.accdb SHA256 98e9175e54ba719cf7f0bfcc8e043fac4d11babd1b73ba1701ebbdc23e5470f5; exact physical schema and varTable24; effective source_manifest.json records final fall revisions.,Authorized 2024 integration audit: annual FLAGS/valueSets meanings reviewed; observed code and exact status/form predicate; scalar physical sources only. Preserve 2023 per-form finance section semantics; moved Cost fields governed separately by PRCH_COS (all -2 in 2024).
EXT24-PRCH-PRCH_OM--2-1,2024,2024,PRCH_OM,-2,retain,,"{""STAT_OM"":1}",not_applicable,OM,none,approved,Original IPEDS202425.accdb SHA256 98e9175e54ba719cf7f0bfcc8e043fac4d11babd1b73ba1701ebbdc23e5470f5; exact physical schema and varTable24; effective source_manifest.json records final fall revisions.,Authorized 2024 integration audit: annual FLAGS/valueSets meanings reviewed; observed code and exact status/form predicate; scalar physical sources only. Preserve 2023 per-form finance section semantics; moved Cost fields governed separately by PRCH_COS (all -2 in 2024).
EXT24-PRCH-PRCH_OM--2-2,2024,2024,PRCH_OM,-2,retain,,"{""STAT_OM"":2}",not_applicable,OM,none,approved,Original IPEDS202425.accdb SHA256 98e9175e54ba719cf7f0bfcc8e043fac4d11babd1b73ba1701ebbdc23e5470f5; exact physical schema and varTable24; effective source_manifest.json records final fall revisions.,Authorized 2024 integration audit: annual FLAGS/valueSets meanings reviewed; observed code and exact status/form predicate; scalar physical sources only. Preserve 2023 per-form finance section semantics; moved Cost fields governed separately by PRCH_COS (all -2 in 2024).
EXT24-PRCH-PRCH_OM--2-4,2024,2024,PRCH_OM,-2,retain,,"{""STAT_OM"":4}",not_applicable,OM,none,approved,Original IPEDS202425.accdb SHA256 98e9175e54ba719cf7f0bfcc8e043fac4d11babd1b73ba1701ebbdc23e5470f5; exact physical schema and varTable24; effective source_manifest.json records final fall revisions.,Authorized 2024 integration audit: annual FLAGS/valueSets meanings reviewed; observed code and exact status/form predicate; scalar physical sources only. Preserve 2023 per-form finance section semantics; moved Cost fields governed separately by PRCH_COS (all -2 in 2024).
EXT24-PRCH-PRCH_OM--2-5,2024,2024,PRCH_OM,-2,retain,,"{""STAT_OM"":5}",not_applicable,OM,none,approved,Original IPEDS202425.accdb SHA256 98e9175e54ba719cf7f0bfcc8e043fac4d11babd1b73ba1701ebbdc23e5470f5; exact physical schema and varTable24; effective source_manifest.json records final fall revisions.,Authorized 2024 integration audit: annual FLAGS/valueSets meanings reviewed; observed code and exact status/form predicate; scalar physical sources only. Preserve 2023 per-form finance section semantics; moved Cost fields governed separately by PRCH_COS (all -2 in 2024).
EXT24-PRCH-PRCH_ADM--2--2,2024,2024,PRCH_ADM,-2,retain,,"{""STAT_ADM"":-2}",not_applicable,ADM,none,approved,Original IPEDS202425.accdb SHA256 98e9175e54ba719cf7f0bfcc8e043fac4d11babd1b73ba1701ebbdc23e5470f5; exact physical schema and varTable24; effective source_manifest.json records final fall revisions.,Authorized 2024 integration audit: annual FLAGS/valueSets meanings reviewed; observed code and exact status/form predicate; scalar physical sources only. Preserve 2023 per-form finance section semantics; moved Cost fields governed separately by PRCH_COS (all -2 in 2024).
EXT24-PRCH-PRCH_ADM--2--9,2024,2024,PRCH_ADM,-2,retain,,"{""STAT_ADM"":-9}",not_applicable,ADM,none,approved,Original IPEDS202425.accdb SHA256 98e9175e54ba719cf7f0bfcc8e043fac4d11babd1b73ba1701ebbdc23e5470f5; exact physical schema and varTable24; effective source_manifest.json records final fall revisions.,Authorized 2024 integration audit: annual FLAGS/valueSets meanings reviewed; observed code and exact status/form predicate; scalar physical sources only. Preserve 2023 per-form finance section semantics; moved Cost fields governed separately by PRCH_COS (all -2 in 2024).
EXT24-PRCH-PRCH_ADM--2-1,2024,2024,PRCH_ADM,-2,retain,,"{""STAT_ADM"":1}",not_applicable,ADM,none,approved,Original IPEDS202425.accdb SHA256 98e9175e54ba719cf7f0bfcc8e043fac4d11babd1b73ba1701ebbdc23e5470f5; exact physical schema and varTable24; effective source_manifest.json records final fall revisions.,Authorized 2024 integration audit: annual FLAGS/valueSets meanings reviewed; observed code and exact status/form predicate; scalar physical sources only. Preserve 2023 per-form finance section semantics; moved Cost fields governed separately by PRCH_COS (all -2 in 2024).
EXT24-PRCH-PRCH_ADM--2-2,2024,2024,PRCH_ADM,-2,retain,,"{""STAT_ADM"":2}",not_applicable,ADM,none,approved,Original IPEDS202425.accdb SHA256 98e9175e54ba719cf7f0bfcc8e043fac4d11babd1b73ba1701ebbdc23e5470f5; exact physical schema and varTable24; effective source_manifest.json records final fall revisions.,Authorized 2024 integration audit: annual FLAGS/valueSets meanings reviewed; observed code and exact status/form predicate; scalar physical sources only. Preserve 2023 per-form finance section semantics; moved Cost fields governed separately by PRCH_COS (all -2 in 2024).
EXT24-PRCH-PRCH_ADM--2-4,2024,2024,PRCH_ADM,-2,retain,,"{""STAT_ADM"":4}",not_applicable,ADM,none,approved,Original IPEDS202425.accdb SHA256 98e9175e54ba719cf7f0bfcc8e043fac4d11babd1b73ba1701ebbdc23e5470f5; exact physical schema and varTable24; effective source_manifest.json records final fall revisions.,Authorized 2024 integration audit: annual FLAGS/valueSets meanings reviewed; observed code and exact status/form predicate; scalar physical sources only. Preserve 2023 per-form finance section semantics; moved Cost fields governed separately by PRCH_COS (all -2 in 2024).
EXT24-PRCH-PRCH_ADM--2-5,2024,2024,PRCH_ADM,-2,retain,,"{""STAT_ADM"":5}",not_applicable,ADM,none,approved,Original IPEDS202425.accdb SHA256 98e9175e54ba719cf7f0bfcc8e043fac4d11babd1b73ba1701ebbdc23e5470f5; exact physical schema and varTable24; effective source_manifest.json records final fall revisions.,Authorized 2024 integration audit: annual FLAGS/valueSets meanings reviewed; observed code and exact status/form predicate; scalar physical sources only. Preserve 2023 per-form finance section semantics; moved Cost fields governed separately by PRCH_COS (all -2 in 2024).
EXT24-PRCH-PRCH_HR--2--2,2024,2024,PRCH_HR,-2,retain,,"{""STAT_HR"":-2}",not_applicable,HR,none,approved,Original IPEDS202425.accdb SHA256 98e9175e54ba719cf7f0bfcc8e043fac4d11babd1b73ba1701ebbdc23e5470f5; exact physical schema and varTable24; effective source_manifest.json records final fall revisions.,Authorized 2024 integration audit: annual FLAGS/valueSets meanings reviewed; observed code and exact status/form predicate; scalar physical sources only. Preserve 2023 per-form finance section semantics; moved Cost fields governed separately by PRCH_COS (all -2 in 2024).
EXT24-PRCH-PRCH_HR--2--9,2024,2024,PRCH_HR,-2,retain,,"{""STAT_HR"":-9}",not_applicable,HR,none,approved,Original IPEDS202425.accdb SHA256 98e9175e54ba719cf7f0bfcc8e043fac4d11babd1b73ba1701ebbdc23e5470f5; exact physical schema and varTable24; effective source_manifest.json records final fall revisions.,Authorized 2024 integration audit: annual FLAGS/valueSets meanings reviewed; observed code and exact status/form predicate; scalar physical sources only. Preserve 2023 per-form finance section semantics; moved Cost fields governed separately by PRCH_COS (all -2 in 2024).
EXT24-PRCH-PRCH_HR--2-1,2024,2024,PRCH_HR,-2,retain,,"{""STAT_HR"":1}",not_applicable,HR,none,approved,Original IPEDS202425.accdb SHA256 98e9175e54ba719cf7f0bfcc8e043fac4d11babd1b73ba1701ebbdc23e5470f5; exact physical schema and varTable24; effective source_manifest.json records final fall revisions.,Authorized 2024 integration audit: annual FLAGS/valueSets meanings reviewed; observed code and exact status/form predicate; scalar physical sources only. Preserve 2023 per-form finance section semantics; moved Cost fields governed separately by PRCH_COS (all -2 in 2024).
EXT24-PRCH-PRCH_HR--2-2,2024,2024,PRCH_HR,-2,retain,,"{""STAT_HR"":2}",not_applicable,HR,none,approved,Original IPEDS202425.accdb SHA256 98e9175e54ba719cf7f0bfcc8e043fac4d11babd1b73ba1701ebbdc23e5470f5; exact physical schema and varTable24; effective source_manifest.json records final fall revisions.,Authorized 2024 integration audit: annual FLAGS/valueSets meanings reviewed; observed code and exact status/form predicate; scalar physical sources only. Preserve 2023 per-form finance section semantics; moved Cost fields governed separately by PRCH_COS (all -2 in 2024).
EXT24-PRCH-PRCH_HR--2-4,2024,2024,PRCH_HR,-2,retain,,"{""STAT_HR"":4}",not_applicable,HR,none,approved,Original IPEDS202425.accdb SHA256 98e9175e54ba719cf7f0bfcc8e043fac4d11babd1b73ba1701ebbdc23e5470f5; exact physical schema and varTable24; effective source_manifest.json records final fall revisions.,Authorized 2024 integration audit: annual FLAGS/valueSets meanings reviewed; observed code and exact status/form predicate; scalar physical sources only. Preserve 2023 per-form finance section semantics; moved Cost fields governed separately by PRCH_COS (all -2 in 2024).
EXT24-PRCH-PRCH_HR--2-5,2024,2024,PRCH_HR,-2,retain,,"{""STAT_HR"":5}",not_applicable,HR,none,approved,Original IPEDS202425.accdb SHA256 98e9175e54ba719cf7f0bfcc8e043fac4d11babd1b73ba1701ebbdc23e5470f5; exact physical schema and varTable24; effective source_manifest.json records final fall revisions.,Authorized 2024 integration audit: annual FLAGS/valueSets meanings reviewed; observed code and exact status/form predicate; scalar physical sources only. Preserve 2023 per-form finance section semantics; moved Cost fields governed separately by PRCH_COS (all -2 in 2024).
EXT24-PRCH-PRCH_HR-1-1,2024,2024,PRCH_HR,1,retain,,"{""STAT_HR"":1}",not_applicable,HR,none,approved,Original IPEDS202425.accdb SHA256 98e9175e54ba719cf7f0bfcc8e043fac4d11babd1b73ba1701ebbdc23e5470f5; exact physical schema and varTable24; effective source_manifest.json records final fall revisions.,Authorized 2024 integration audit: annual FLAGS/valueSets meanings reviewed; observed code and exact status/form predicate; scalar physical sources only. Preserve 2023 per-form finance section semantics; moved Cost fields governed separately by PRCH_COS (all -2 in 2024).
EXT24-PRCH-PRCH_HR-2-1,2024,2024,PRCH_HR,2,null,SALASSC__DRVHR__00040811__0E209CDE3DD6|SALASST__DRVHR__00040816__88A97A6FB5B9|SALINST__DRVHR__00040821__A2B27D2DEB06|SALLECT__DRVHR__00040826__96CD96F0AA97|SALNRNK__DRVHR__00040831__E37BE3D3F541|SALPROF__DRVHR__00040806__0AAD47044B60|SALTOTL__DRVHR__00040801__01167EF06C3C|SANIN01|SANIN02|SANIN03|SANIN04|SANIN05|SANIN06|SANIN07|SANIN08|SANIN09|SANIN10|SANIN11|SANIN12|SANIN13|SANIN14|SANIT01|SANIT02|SANIT03|SANIT04|SANIT05|SANIT06|SANIT07|SANIT08|SANIT09|SANIT10|SANIT11|SANIT12|SANIT13|SANIT14|SFTEBFO|SFTECES|SFTECLAM|SFTEHLTH|SFTEINST|SFTELCA|SFTELCAI|SFTEMNGM|SFTENRCM|SFTEOFAS|SFTEOTHR|SFTEOTIS|SFTEPBSV|SFTEPSTC|SFTEPTMM|SFTERSRC|SFTESALE|SFTESRVC|SFTETOTL,"{""STAT_HR"":1}",not_applicable,HR,component_scalar_payload,approved,Original IPEDS202425.accdb SHA256 98e9175e54ba719cf7f0bfcc8e043fac4d11babd1b73ba1701ebbdc23e5470f5; exact physical schema and varTable24; effective source_manifest.json records final fall revisions.,Authorized 2024 integration audit: annual FLAGS/valueSets meanings reviewed; observed code and exact status/form predicate; scalar physical sources only. Preserve 2023 per-form finance section semantics; moved Cost fields governed separately by PRCH_COS (all -2 in 2024).
EXT24-PRCH-PRCH_EF--2--2,2024,2024,PRCH_EF,-2,retain,,"{""STAT_EF"":-2}",not_applicable,EF,none,approved,Original IPEDS202425.accdb SHA256 98e9175e54ba719cf7f0bfcc8e043fac4d11babd1b73ba1701ebbdc23e5470f5; exact physical schema and varTable24; effective source_manifest.json records final fall revisions.,Authorized 2024 integration audit: annual FLAGS/valueSets meanings reviewed; observed code and exact status/form predicate; scalar physical sources only. Preserve 2023 per-form finance section semantics; moved Cost fields governed separately by PRCH_COS (all -2 in 2024).
EXT24-PRCH-PRCH_EF--2--9,2024,2024,PRCH_EF,-2,retain,,"{""STAT_EF"":-9}",not_applicable,EF,none,approved,Original IPEDS202425.accdb SHA256 98e9175e54ba719cf7f0bfcc8e043fac4d11babd1b73ba1701ebbdc23e5470f5; exact physical schema and varTable24; effective source_manifest.json records final fall revisions.,Authorized 2024 integration audit: annual FLAGS/valueSets meanings reviewed; observed code and exact status/form predicate; scalar physical sources only. Preserve 2023 per-form finance section semantics; moved Cost fields governed separately by PRCH_COS (all -2 in 2024).
EXT24-PRCH-PRCH_EF--2-1,2024,2024,PRCH_EF,-2,retain,,"{""STAT_EF"":1}",not_applicable,EF,none,approved,Original IPEDS202425.accdb SHA256 98e9175e54ba719cf7f0bfcc8e043fac4d11babd1b73ba1701ebbdc23e5470f5; exact physical schema and varTable24; effective source_manifest.json records final fall revisions.,Authorized 2024 integration audit: annual FLAGS/valueSets meanings reviewed; observed code and exact status/form predicate; scalar physical sources only. Preserve 2023 per-form finance section semantics; moved Cost fields governed separately by PRCH_COS (all -2 in 2024).
EXT24-PRCH-PRCH_EF--2-2,2024,2024,PRCH_EF,-2,retain,,"{""STAT_EF"":2}",not_applicable,EF,none,approved,Original IPEDS202425.accdb SHA256 98e9175e54ba719cf7f0bfcc8e043fac4d11babd1b73ba1701ebbdc23e5470f5; exact physical schema and varTable24; effective source_manifest.json records final fall revisions.,Authorized 2024 integration audit: annual FLAGS/valueSets meanings reviewed; observed code and exact status/form predicate; scalar physical sources only. Preserve 2023 per-form finance section semantics; moved Cost fields governed separately by PRCH_COS (all -2 in 2024).
EXT24-PRCH-PRCH_EF--2-4,2024,2024,PRCH_EF,-2,retain,,"{""STAT_EF"":4}",not_applicable,EF,none,approved,Original IPEDS202425.accdb SHA256 98e9175e54ba719cf7f0bfcc8e043fac4d11babd1b73ba1701ebbdc23e5470f5; exact physical schema and varTable24; effective source_manifest.json records final fall revisions.,Authorized 2024 integration audit: annual FLAGS/valueSets meanings reviewed; observed code and exact status/form predicate; scalar physical sources only. Preserve 2023 per-form finance section semantics; moved Cost fields governed separately by PRCH_COS (all -2 in 2024).
EXT24-PRCH-PRCH_EF--2-5,2024,2024,PRCH_EF,-2,retain,,"{""STAT_EF"":5}",not_applicable,EF,none,approved,Original IPEDS202425.accdb SHA256 98e9175e54ba719cf7f0bfcc8e043fac4d11babd1b73ba1701ebbdc23e5470f5; exact physical schema and varTable24; effective source_manifest.json records final fall revisions.,Authorized 2024 integration audit: annual FLAGS/valueSets meanings reviewed; observed code and exact status/form predicate; scalar physical sources only. Preserve 2023 per-form finance section semantics; moved Cost fields governed separately by PRCH_COS (all -2 in 2024).
EXT24-PRCH-PRCH_EF-1-1,2024,2024,PRCH_EF,1,retain,,"{""STAT_EF"":1}",not_applicable,EF,none,approved,Original IPEDS202425.accdb SHA256 98e9175e54ba719cf7f0bfcc8e043fac4d11babd1b73ba1701ebbdc23e5470f5; exact physical schema and varTable24; effective source_manifest.json records final fall revisions.,Authorized 2024 integration audit: annual FLAGS/valueSets meanings reviewed; observed code and exact status/form predicate; scalar physical sources only. Preserve 2023 per-form finance section semantics; moved Cost fields governed separately by PRCH_COS (all -2 in 2024).
EXT24-PRCH-PRCH_EF-2-1,2024,2024,PRCH_EF,2,null,DVEF01|DVEF02|DVEF03|DVEF05|DVEF06|DVEF07|DVEF09|DVEF10|DVEF11|DVEF13|DVEF14|DVEF15|DVEF16|EFGRAD|EFGRADFT|EFGRADPT|EFUG|EFUG1SFT|EFUG1SPT|EFUG1ST|EFUGCNFT|EFUGCNPT|EFUGCNT|EFUGFT|EFUGNDFT|EFUGNDG|EFUGNDPT|EFUGPT|EFUGTRFT|EFUGTRN|EFUGTRPT|ENRFT|ENRPT|ENRTOT|FTE__DRVEF__00020061__075195670360|GRCOHRT|PCGDEEXC|PCGDENON|PCGDESOM|PCGENR2M|PCGENRAN|PCGENRAP|PCGENRAS|PCGENRBK|PCGENRHS|PCGENRNH|PCGENRNR|PCGENRUN|PCGENRW|PCGENRWH|PCTDEEXC|PCTDENON|PCTDESOM|PCTENR2M|PCTENRAN__DRVEF__00023335__B73FFBE3C3E5|PCTENRAP__DRVEF__00023330__848D8488E2B2|PCTENRAS|PCTENRBK__DRVEF__00023320__02CB21CB26B8|PCTENRHS__DRVEF__00023325__21F9E09C774C|PCTENRNH|PCTENRNR__DRVEF__00023345__258334ECD2D2|PCTENRUN|PCTENRW|PCTENRWH__DRVEF__00023315__EEE3E0B33C66|PCTFT1ST|PCUDEEXC|PCUDENON|PCUDESOM|PCUENR2M|PCUENRAN|PCUENRAP|PCUENRAS|PCUENRBK|PCUENRHS|PCUENRNH|PCUENRNR|PCUENRUN|PCUENRW|PCUENRWH|PGRCOHRT|RET_NMF|RET_NMP|RET_PCF|RET_PCP|RMFRGNCN|RMFRGNCP|RMINSTTN|RMINSTTP|RMOUSTTN|RMOUSTTP|RMUNKNWN|RMUNKNWP|RRFTCT|RRFTCTA|RRFTEX|RRFTIN|RRPTCT|RRPTCTA|RRPTEX|RRPTIN|STUFACR|UGENTERN,"{""STAT_EF"":1}",not_applicable,EF,component_scalar_payload,approved,Original IPEDS202425.accdb SHA256 98e9175e54ba719cf7f0bfcc8e043fac4d11babd1b73ba1701ebbdc23e5470f5; exact physical schema and varTable24; effective source_manifest.json records final fall revisions.,Authorized 2024 integration audit: annual FLAGS/valueSets meanings reviewed; observed code and exact status/form predicate; scalar physical sources only. Preserve 2023 per-form finance section semantics; moved Cost fields governed separately by PRCH_COS (all -2 in 2024).
EXT24-PRCH-PRCH_F--2--1,2024,2024,PRCH_F,-2,retain,,"{""FORM_F"":-1}",not_observed,not_observed,none,approved,Original IPEDS202425.accdb SHA256 98e9175e54ba719cf7f0bfcc8e043fac4d11babd1b73ba1701ebbdc23e5470f5; exact physical schema and varTable24; effective source_manifest.json records final fall revisions.,Authorized 2024 integration audit: annual FLAGS/valueSets meanings reviewed; observed code and exact status/form predicate; scalar physical sources only. Preserve 2023 per-form finance section semantics; moved Cost fields governed separately by PRCH_COS (all -2 in 2024).
EXT24-PRCH-PRCH_F--2--2,2024,2024,PRCH_F,-2,retain,,"{""FORM_F"":-2}",all_finance_forms,ALL,none,approved,Original IPEDS202425.accdb SHA256 98e9175e54ba719cf7f0bfcc8e043fac4d11babd1b73ba1701ebbdc23e5470f5; exact physical schema and varTable24; effective source_manifest.json records final fall revisions.,Authorized 2024 integration audit: annual FLAGS/valueSets meanings reviewed; observed code and exact status/form predicate; scalar physical sources only. Preserve 2023 per-form finance section semantics; moved Cost fields governed separately by PRCH_COS (all -2 in 2024).
EXT24-PRCH-PRCH_F--2-2,2024,2024,PRCH_F,-2,retain,,"{""FORM_F"":2}",FASB,F2,none,approved,Original IPEDS202425.accdb SHA256 98e9175e54ba719cf7f0bfcc8e043fac4d11babd1b73ba1701ebbdc23e5470f5; exact physical schema and varTable24; effective source_manifest.json records final fall revisions.,Authorized 2024 integration audit: annual FLAGS/valueSets meanings reviewed; observed code and exact status/form predicate; scalar physical sources only. Preserve 2023 per-form finance section semantics; moved Cost fields governed separately by PRCH_COS (all -2 in 2024).
EXT24-PRCH-PRCH_F--2-3,2024,2024,PRCH_F,-2,retain,,"{""FORM_F"":3}",private_for_profit,F3,none,approved,Original IPEDS202425.accdb SHA256 98e9175e54ba719cf7f0bfcc8e043fac4d11babd1b73ba1701ebbdc23e5470f5; exact physical schema and varTable24; effective source_manifest.json records final fall revisions.,Authorized 2024 integration audit: annual FLAGS/valueSets meanings reviewed; observed code and exact status/form predicate; scalar physical sources only. Preserve 2023 per-form finance section semantics; moved Cost fields governed separately by PRCH_COS (all -2 in 2024).
EXT24-PRCH-PRCH_F--2-4,2024,2024,PRCH_F,-2,retain,,"{""FORM_F"":4}",GASB,F1,none,approved,Original IPEDS202425.accdb SHA256 98e9175e54ba719cf7f0bfcc8e043fac4d11babd1b73ba1701ebbdc23e5470f5; exact physical schema and varTable24; effective source_manifest.json records final fall revisions.,Authorized 2024 integration audit: annual FLAGS/valueSets meanings reviewed; observed code and exact status/form predicate; scalar physical sources only. Preserve 2023 per-form finance section semantics; moved Cost fields governed separately by PRCH_COS (all -2 in 2024).
EXT24-PRCH-PRCH_F-1-2,2024,2024,PRCH_F,1,retain,,"{""FORM_F"":2}",FASB,F2,none,approved,Original IPEDS202425.accdb SHA256 98e9175e54ba719cf7f0bfcc8e043fac4d11babd1b73ba1701ebbdc23e5470f5; exact physical schema and varTable24; effective source_manifest.json records final fall revisions.,Authorized 2024 integration audit: annual FLAGS/valueSets meanings reviewed; observed code and exact status/form predicate; scalar physical sources only. Preserve 2023 per-form finance section semantics; moved Cost fields governed separately by PRCH_COS (all -2 in 2024).
EXT24-PRCH-PRCH_F-1-3,2024,2024,PRCH_F,1,retain,,"{""FORM_F"":3}",private_for_profit,F3,none,approved,Original IPEDS202425.accdb SHA256 98e9175e54ba719cf7f0bfcc8e043fac4d11babd1b73ba1701ebbdc23e5470f5; exact physical schema and varTable24; effective source_manifest.json records final fall revisions.,Authorized 2024 integration audit: annual FLAGS/valueSets meanings reviewed; observed code and exact status/form predicate; scalar physical sources only. Preserve 2023 per-form finance section semantics; moved Cost fields governed separately by PRCH_COS (all -2 in 2024).
EXT24-PRCH-PRCH_F-1-4,2024,2024,PRCH_F,1,retain,,"{""FORM_F"":4}",GASB,F1,none,approved,Original IPEDS202425.accdb SHA256 98e9175e54ba719cf7f0bfcc8e043fac4d11babd1b73ba1701ebbdc23e5470f5; exact physical schema and varTable24; effective source_manifest.json records final fall revisions.,Authorized 2024 integration audit: annual FLAGS/valueSets meanings reviewed; observed code and exact status/form predicate; scalar physical sources only. Preserve 2023 per-form finance section semantics; moved Cost fields governed separately by PRCH_COS (all -2 in 2024).
EXT24-PRCH-PRCH_F-2--2,2024,2024,PRCH_F,2,null,F1A01|F1A04|F1A05|F1A06|F1A07|F1A08|F1A09|F1A10|F1A11|F1A12|F1A13|F1A14|F1A15|F1A16|F1A17|F1A18|F1A19|F1A20|F1A214|F1A224|F1A234|F1A274|F1A27T4|F1A284|F1A31|F1A324|F1A334|F1A344|F1ACSPFT|F1ACSPPC|F1B01|F1B02|F1B03|F1B04|F1B04A|F1B04B|F1B05|F1B06|F1B07|F1B08|F1B09|F1B10|F1B11|F1B12|F1B13|F1B14|F1B15|F1B16|F1B17|F1B18|F1B19|F1B20|F1B21|F1B22|F1B23|F1B24|F1B25|F1B26|F1B27|F1C011|F1C012|F1C021|F1C022|F1C031|F1C032|F1C051|F1C052|F1C061|F1C062|F1C071|F1C072|F1C101|F1C111|F1C112|F1C121|F1C122|F1C131|F1C132|F1C141|F1C142|F1C191|F1C192|F1C193|F1C19DP|F1C19IN|F1C19OM|F1C19OT|F1COREXP|F1CORREV|F1D01|F1D02|F1D03|F1D04|F1D05|F1D06|F1E01|F1E02|F1E03|F1E04|F1E05|F1E06|F1E07|F1E08|F1E09|F1E10|F1E11|F1E12|F1E121|F1E122|F1E13|F1E131|F1E132|F1E14|F1E141|F1E142|F1E15|F1E151|F1E152|F1E16|F1E161|F1E162|F1E17|F1E171|F1E172|F1ENDMFT|F1EQUITR|F1FHA|F1GVGCFT|F1GVGCPC|F1H01|F1H02|F1H03|F1H03A|F1H03B|F1H03C|F1H03D|F1INSTFT|F1INSTPC|F1INSUFT|F1INSUPC|F1INVRFT|F1INVRPC|F1LCAPFT|F1LCAPPC|F1M01|F1M02|F1M03|F1M04|F1M05|F1M06|F1M07|F1M08|F1MHOP|F1MHP|F1N01|F1N02|F1N03|F1N04|F1N05|F1N06|F1N07|F1OTEXFT|F1OTEXPC|F1OTRVFT|F1OTRVPC|F1PBSVFT|F1PBSVPC|F1PGGCFT|F1PGGCPC|F1RSRCFT|F1RSRCPC|F1SAFBPC|F1SALRPC|F1STAPFT|F1STAPPC|F1STSVFT|F1STSVPC|F1SWACSP|F1SWCREP|F1SWINSP|F1SWISPP|F1SWOTEP|F1SWPBSP|F1SWRSRP|F1SWSTSP|F1TUFEFT|F1TUFEPC|F2A01|F2A02|F2A03|F2A03A|F2A04|F2A05|F2A05A|F2A05B|F2A06|F2A11|F2A12|F2A13|F2A15|F2A16|F2A17|F2A18|F2A19|F2A20|F2ACSPFT|F2ACSPPC|F2B01|F2B02|F2B03|F2B04|F2B05|F2B06|F2B07|F2C01|F2C02|F2C03|F2C04|F2C05|F2C06|F2C07|F2C08|F2C09|F2C10|F2C12|F2C121|F2C122|F2C13|F2C131|F2C132|F2C14|F2C141|F2C142|F2C15|F2C151|F2C152|F2C16|F2C161|F2C162|F2C17|F2C171|F2C172|F2COREXP|F2CORREV|F2D01|F2D012|F2D013|F2D014|F2D02|F2D022|F2D023|F2D024|F2D03|F2D032|F2D033|F2D034|F2D04|F2D042|F2D043|F2D044|F2D05|F2D052|F2D053|F2D054|F2D06|F2D062|F2D063|F2D064|F2D07|F2D072|F2D073|F2D074|F2D08|F2D082|F2D082A|F2D082B|F2D083|F2D083A|F2D083B|F2D084|F2D084A|F2D084B|F2D08A|F2D08B|F2D09|F2D092|F2D093|F2D094|F2D10|F2D102|F2D103|F2D104|F2D11|F2D112|F2D12|F2D122|F2D13|F2D132|F2D14|F2D142|F2D143|F2D144|F2D15|F2D152|F2D153|F2D154|F2D16|F2D162|F2D163|F2D164|F2D17|F2D172|F2D173|F2D174|F2D18|F2D182|F2D183|F2D184|F2E011|F2E012|F2E021|F2E022|F2E031|F2E032|F2E041|F2E042|F2E051|F2E052|F2E061|F2E062|F2E071|F2E072|F2E081|F2E091|F2E092|F2E101|F2E102|F2E121|F2E122|F2E131|F2E132|F2E133|F2E134|F2E135|F2E136|F2E137|F2ENDMFT|F2EQUITR|F2FHA|F2GVGCFT|F2GVGCPC|F2H01|F2H02|F2H03|F2H03A|F2H03B|F2H03C|F2H03D|F2I01|F2I02|F2I03|F2I04|F2I05|F2I06|F2I07|F2INSTFT|F2INSTPC|F2INSUFT|F2INSUPC|F2INVRFT|F2INVRPC|F2OTEXFT|F2OTEXPC|F2OTRVFT|F2OTRVPC|F2PBSVFT|F2PBSVPC|F2PGGCFT|F2PGGCPC|F2RSRCFT|F2RSRCPC|F2SAFBPC|F2SALRPC|F2STSVFT|F2STSVPC|F2SWACSP|F2SWCREP|F2SWINSP|F2SWISPP|F2SWOTEP|F2SWPBSP|F2SWRSRP|F2SWSTSP|F2TUFEFT|F2TUFEPC|F3A01|F3A01A|F3A01B|F3A01C|F3A02|F3A02A|F3A03|F3A04|F3A05|F3A06|F3A07|F3A08|F3A09|F3A10|F3A11|F3A12|F3ACSPFT|F3ACSPPC|F3B01|F3B02|F3B03|F3B04|F3B05|F3B06|F3B07|F3B08|F3C01|F3C02|F3C03|F3C03A|F3C03B|F3C04|F3C05|F3C06|F3C07|F3C08|F3C12|F3C121|F3C122|F3C13|F3C131|F3C132|F3C14|F3C141|F3C142|F3C15|F3C151|F3C152|F3C16|F3C161|F3C162|F3C17|F3C171|F3C172|F3COREXP|F3CORREV|F3D01|F3D02|F3D02A|F3D02B|F3D03|F3D03A|F3D03B|F3D03C|F3D03D|F3D04|F3D05|F3D06|F3D07|F3D08|F3D09|F3D12|F3E011|F3E012|F3E02A1|F3E02A2|F3E02B1|F3E02B2|F3E03A1|F3E03A2|F3E03B1|F3E03B2|F3E03C1|F3E03C2|F3E041|F3E042|F3E051|F3E061|F3E062|F3E071|F3E072|F3E073|F3E074|F3E075|F3E076|F3E077|F3E101|F3E102|F3EQUITR|F3F01|F3F02|F3F03|F3G01|F3G02|F3G03|F3G04|F3G05|F3G06|F3G07|F3GVGCFT|F3GVGCPC|F3INSTFT|F3INSTPC|F3INSUFT|F3INSUPC|F3INVRFT|F3INVRPC|F3OTEXFT|F3OTEXPC|F3OTRVFT|F3OTRVPC|F3PBSVFT|F3PBSVPC|F3PGGCFT|F3PGGCPC|F3RSRCFT|F3RSRCPC|F3SAFBPC|F3SALRPC|F3SSEAFT|F3SSEAPC|F3STSVFT|F3STSVPC|F3SWACSP|F3SWCREP|F3SWINSP|F3SWISPP|F3SWOTEP|F3SWPBSP|F3SWRSRP|F3SWSTSP|F3TUFEFT|F3TUFEPC,"{""FORM_F"":-2}",all_finance_forms,ALL,all_finance_payload,approved,Original IPEDS202425.accdb SHA256 98e9175e54ba719cf7f0bfcc8e043fac4d11babd1b73ba1701ebbdc23e5470f5; exact physical schema and varTable24; effective source_manifest.json records final fall revisions.,Authorized 2024 integration audit: annual FLAGS/valueSets meanings reviewed; observed code and exact status/form predicate; scalar physical sources only. Preserve 2023 per-form finance section semantics; moved Cost fields governed separately by PRCH_COS (all -2 in 2024).
EXT24-PRCH-PRCH_F-2-3,2024,2024,PRCH_F,2,null,F1A01|F1A04|F1A05|F1A06|F1A07|F1A08|F1A09|F1A10|F1A11|F1A12|F1A13|F1A14|F1A15|F1A16|F1A17|F1A18|F1A19|F1A20|F1A214|F1A224|F1A234|F1A274|F1A27T4|F1A284|F1A31|F1A324|F1A334|F1A344|F1ACSPFT|F1ACSPPC|F1B01|F1B02|F1B03|F1B04|F1B04A|F1B04B|F1B05|F1B06|F1B07|F1B08|F1B09|F1B10|F1B11|F1B12|F1B13|F1B14|F1B15|F1B16|F1B17|F1B18|F1B19|F1B20|F1B21|F1B22|F1B23|F1B24|F1B25|F1B26|F1B27|F1C011|F1C012|F1C021|F1C022|F1C031|F1C032|F1C051|F1C052|F1C061|F1C062|F1C071|F1C072|F1C101|F1C111|F1C112|F1C121|F1C122|F1C131|F1C132|F1C141|F1C142|F1C191|F1C192|F1C193|F1C19DP|F1C19IN|F1C19OM|F1C19OT|F1COREXP|F1CORREV|F1D01|F1D02|F1D03|F1D04|F1D05|F1D06|F1E01|F1E02|F1E03|F1E04|F1E05|F1E06|F1E07|F1E08|F1E09|F1E10|F1E11|F1E12|F1E121|F1E122|F1E13|F1E131|F1E132|F1E14|F1E141|F1E142|F1E15|F1E151|F1E152|F1E16|F1E161|F1E162|F1E17|F1E171|F1E172|F1ENDMFT|F1EQUITR|F1FHA|F1GVGCFT|F1GVGCPC|F1H01|F1H02|F1H03|F1H03A|F1H03B|F1H03C|F1H03D|F1INSTFT|F1INSTPC|F1INSUFT|F1INSUPC|F1INVRFT|F1INVRPC|F1LCAPFT|F1LCAPPC|F1M01|F1M02|F1M03|F1M04|F1M05|F1M06|F1M07|F1M08|F1MHOP|F1MHP|F1N01|F1N02|F1N03|F1N04|F1N05|F1N06|F1N07|F1OTEXFT|F1OTEXPC|F1OTRVFT|F1OTRVPC|F1PBSVFT|F1PBSVPC|F1PGGCFT|F1PGGCPC|F1RSRCFT|F1RSRCPC|F1SAFBPC|F1SALRPC|F1STAPFT|F1STAPPC|F1STSVFT|F1STSVPC|F1SWACSP|F1SWCREP|F1SWINSP|F1SWISPP|F1SWOTEP|F1SWPBSP|F1SWRSRP|F1SWSTSP|F1TUFEFT|F1TUFEPC|F2A01|F2A02|F2A03|F2A03A|F2A04|F2A05|F2A05A|F2A05B|F2A06|F2A11|F2A12|F2A13|F2A15|F2A16|F2A17|F2A18|F2A19|F2A20|F2ACSPFT|F2ACSPPC|F2B01|F2B02|F2B03|F2B04|F2B05|F2B06|F2B07|F2C01|F2C02|F2C03|F2C04|F2C05|F2C06|F2C07|F2C08|F2C09|F2C10|F2C12|F2C121|F2C122|F2C13|F2C131|F2C132|F2C14|F2C141|F2C142|F2C15|F2C151|F2C152|F2C16|F2C161|F2C162|F2C17|F2C171|F2C172|F2COREXP|F2CORREV|F2D01|F2D012|F2D013|F2D014|F2D02|F2D022|F2D023|F2D024|F2D03|F2D032|F2D033|F2D034|F2D04|F2D042|F2D043|F2D044|F2D05|F2D052|F2D053|F2D054|F2D06|F2D062|F2D063|F2D064|F2D07|F2D072|F2D073|F2D074|F2D08|F2D082|F2D082A|F2D082B|F2D083|F2D083A|F2D083B|F2D084|F2D084A|F2D084B|F2D08A|F2D08B|F2D09|F2D092|F2D093|F2D094|F2D10|F2D102|F2D103|F2D104|F2D11|F2D112|F2D12|F2D122|F2D13|F2D132|F2D14|F2D142|F2D143|F2D144|F2D15|F2D152|F2D153|F2D154|F2D16|F2D162|F2D163|F2D164|F2D17|F2D172|F2D173|F2D174|F2D18|F2D182|F2D183|F2D184|F2E011|F2E012|F2E021|F2E022|F2E031|F2E032|F2E041|F2E042|F2E051|F2E052|F2E061|F2E062|F2E071|F2E072|F2E081|F2E091|F2E092|F2E101|F2E102|F2E121|F2E122|F2E131|F2E132|F2E133|F2E134|F2E135|F2E136|F2E137|F2ENDMFT|F2EQUITR|F2FHA|F2GVGCFT|F2GVGCPC|F2H01|F2H02|F2H03|F2H03A|F2H03B|F2H03C|F2H03D|F2I01|F2I02|F2I03|F2I04|F2I05|F2I06|F2I07|F2INSTFT|F2INSTPC|F2INSUFT|F2INSUPC|F2INVRFT|F2INVRPC|F2OTEXFT|F2OTEXPC|F2OTRVFT|F2OTRVPC|F2PBSVFT|F2PBSVPC|F2PGGCFT|F2PGGCPC|F2RSRCFT|F2RSRCPC|F2SAFBPC|F2SALRPC|F2STSVFT|F2STSVPC|F2SWACSP|F2SWCREP|F2SWINSP|F2SWISPP|F2SWOTEP|F2SWPBSP|F2SWRSRP|F2SWSTSP|F2TUFEFT|F2TUFEPC|F3A01|F3A01A|F3A01B|F3A01C|F3A02|F3A02A|F3A03|F3A04|F3A05|F3A06|F3A07|F3A08|F3A09|F3A10|F3A11|F3A12|F3ACSPFT|F3ACSPPC|F3B01|F3B02|F3B03|F3B04|F3B05|F3B06|F3B07|F3B08|F3C01|F3C02|F3C03|F3C03A|F3C03B|F3C04|F3C05|F3C06|F3C07|F3C08|F3C12|F3C121|F3C122|F3C13|F3C131|F3C132|F3C14|F3C141|F3C142|F3C15|F3C151|F3C152|F3C16|F3C161|F3C162|F3C17|F3C171|F3C172|F3COREXP|F3CORREV|F3D01|F3D02|F3D02A|F3D02B|F3D03|F3D03A|F3D03B|F3D03C|F3D03D|F3D04|F3D05|F3D06|F3D07|F3D08|F3D09|F3D12|F3E011|F3E012|F3E02A1|F3E02A2|F3E02B1|F3E02B2|F3E03A1|F3E03A2|F3E03B1|F3E03B2|F3E03C1|F3E03C2|F3E041|F3E042|F3E051|F3E061|F3E062|F3E071|F3E072|F3E073|F3E074|F3E075|F3E076|F3E077|F3E101|F3E102|F3EQUITR|F3F01|F3F02|F3F03|F3G01|F3G02|F3G03|F3G04|F3G05|F3G06|F3G07|F3GVGCFT|F3GVGCPC|F3INSTFT|F3INSTPC|F3INSUFT|F3INSUPC|F3INVRFT|F3INVRPC|F3OTEXFT|F3OTEXPC|F3OTRVFT|F3OTRVPC|F3PBSVFT|F3PBSVPC|F3PGGCFT|F3PGGCPC|F3RSRCFT|F3RSRCPC|F3SAFBPC|F3SALRPC|F3SSEAFT|F3SSEAPC|F3STSVFT|F3STSVPC|F3SWACSP|F3SWCREP|F3SWINSP|F3SWISPP|F3SWOTEP|F3SWPBSP|F3SWRSRP|F3SWSTSP|F3TUFEFT|F3TUFEPC,"{""FORM_F"":3}",private_for_profit,F3,all_finance_payload,approved,Original IPEDS202425.accdb SHA256 98e9175e54ba719cf7f0bfcc8e043fac4d11babd1b73ba1701ebbdc23e5470f5; exact physical schema and varTable24; effective source_manifest.json records final fall revisions.,Authorized 2024 integration audit: annual FLAGS/valueSets meanings reviewed; observed code and exact status/form predicate; scalar physical sources only. Preserve 2023 per-form finance section semantics; moved Cost fields governed separately by PRCH_COS (all -2 in 2024).
EXT24-PRCH-PRCH_F-3--1,2024,2024,PRCH_F,3,null,F1A01|F1A04|F1A05|F1A06|F1A07|F1A08|F1A09|F1A10|F1A11|F1A12|F1A13|F1A14|F1A15|F1A16|F1A17|F1A18|F1A19|F1A20|F1A214|F1A224|F1A234|F1A274|F1A27T4|F1A284|F1A31|F1A324|F1A334|F1A344|F1D01|F1D02|F1D03|F1D04|F1D05|F1D06|F1EQUITR|F1M01|F1M02|F1M03|F1M04|F1M05|F1M06|F1M07|F1M08|F1MHOP|F1MHP|F1N01|F1N02|F1N03|F1N04|F1N05|F1N06|F1N07|F2A01|F2A02|F2A03|F2A03A|F2A04|F2A05|F2A05A|F2A05B|F2A06|F2A11|F2A12|F2A13|F2A15|F2A16|F2A17|F2A18|F2A19|F2A20|F2B01|F2B02|F2B03|F2B04|F2B05|F2B06|F2B07|F2EQUITR|F2I01|F2I02|F2I03|F2I04|F2I05|F2I06|F2I07|F3A01|F3A01A|F3A01B|F3A01C|F3A02|F3A02A|F3A03|F3A04|F3A05|F3A06|F3A07|F3A08|F3A09|F3A10|F3A11|F3A12|F3B01|F3B02|F3B03|F3B04|F3B05|F3B06|F3B07|F3B08|F3EQUITR|F3F01|F3F02|F3F03|F3G01|F3G02|F3G03|F3G04|F3G05|F3G06|F3G07,"{""FORM_F"":-1}",not_reported,not_reported,reviewed_asset_liability_sections_all_forms,approved,Original IPEDS202425.accdb SHA256 98e9175e54ba719cf7f0bfcc8e043fac4d11babd1b73ba1701ebbdc23e5470f5; exact physical schema and varTable24; effective source_manifest.json records final fall revisions.,Authorized 2024 integration audit: annual FLAGS/valueSets meanings reviewed; observed code and exact status/form predicate; scalar physical sources only. Preserve 2023 per-form finance section semantics; moved Cost fields governed separately by PRCH_COS (all -2 in 2024).
EXT24-PRCH-PRCH_F-3-2,2024,2024,PRCH_F,3,null,F2A01|F2A02|F2A03|F2A03A|F2A04|F2A05|F2A05A|F2A05B|F2A06|F2A11|F2A12|F2A13|F2A15|F2A16|F2A17|F2A18|F2A19|F2A20|F2B01|F2B02|F2B03|F2B04|F2B05|F2B06|F2B07|F2EQUITR|F2I01|F2I02|F2I03|F2I04|F2I05|F2I06|F2I07,"{""FORM_F"":2}",FASB,F2,A|B|I,approved,Original IPEDS202425.accdb SHA256 98e9175e54ba719cf7f0bfcc8e043fac4d11babd1b73ba1701ebbdc23e5470f5; exact physical schema and varTable24; effective source_manifest.json records final fall revisions.,Authorized 2024 integration audit: annual FLAGS/valueSets meanings reviewed; observed code and exact status/form predicate; scalar physical sources only. Preserve 2023 per-form finance section semantics; moved Cost fields governed separately by PRCH_COS (all -2 in 2024).
EXT24-PRCH-PRCH_F-3-3,2024,2024,PRCH_F,3,null,F3A01|F3A01A|F3A01B|F3A01C|F3A02|F3A02A|F3A03|F3A04|F3A05|F3A06|F3A07|F3A08|F3A09|F3A10|F3A11|F3A12|F3B01|F3B02|F3B03|F3B04|F3B05|F3B06|F3B07|F3B08|F3EQUITR|F3F01|F3F02|F3F03|F3G01|F3G02|F3G03|F3G04|F3G05|F3G06|F3G07,"{""FORM_F"":3}",private_for_profit,F3,A|B|F|G,approved,Original IPEDS202425.accdb SHA256 98e9175e54ba719cf7f0bfcc8e043fac4d11babd1b73ba1701ebbdc23e5470f5; exact physical schema and varTable24; effective source_manifest.json records final fall revisions.,Authorized 2024 integration audit: annual FLAGS/valueSets meanings reviewed; observed code and exact status/form predicate; scalar physical sources only. Preserve 2023 per-form finance section semantics; moved Cost fields governed separately by PRCH_COS (all -2 in 2024).
EXT24-PRCH-PRCH_F-3-4,2024,2024,PRCH_F,3,null,F1A01|F1A04|F1A05|F1A06|F1A07|F1A08|F1A09|F1A10|F1A11|F1A12|F1A13|F1A14|F1A15|F1A16|F1A17|F1A18|F1A19|F1A20|F1A214|F1A224|F1A234|F1A274|F1A27T4|F1A284|F1A31|F1A324|F1A334|F1A344|F1D01|F1D02|F1D03|F1D04|F1D05|F1D06|F1EQUITR|F1M01|F1M02|F1M03|F1M04|F1M05|F1M06|F1M07|F1M08|F1MHOP|F1MHP|F1N01|F1N02|F1N03|F1N04|F1N05|F1N06|F1N07,"{""FORM_F"":4}",GASB,F1,A|D|L|M1|M2|N,approved,Original IPEDS202425.accdb SHA256 98e9175e54ba719cf7f0bfcc8e043fac4d11babd1b73ba1701ebbdc23e5470f5; exact physical schema and varTable24; effective source_manifest.json records final fall revisions.,Authorized 2024 integration audit: annual FLAGS/valueSets meanings reviewed; observed code and exact status/form predicate; scalar physical sources only. Preserve 2023 per-form finance section semantics; moved Cost fields governed separately by PRCH_COS (all -2 in 2024).
EXT24-PRCH-PRCH_F-5-2,2024,2024,PRCH_F,5,null,F2A01|F2A02|F2A03|F2A03A|F2A04|F2A05|F2A05A|F2A05B|F2A06|F2A11|F2A12|F2A13|F2A15|F2A16|F2A17|F2A18|F2A19|F2A20|F2B01|F2B02|F2B03|F2B04|F2B05|F2B06|F2B07|F2EQUITR|F2I01|F2I02|F2I03|F2I04|F2I05|F2I06|F2I07,"{""FORM_F"":2}",FASB,F2,A|B|I,approved,Original IPEDS202425.accdb SHA256 98e9175e54ba719cf7f0bfcc8e043fac4d11babd1b73ba1701ebbdc23e5470f5; exact physical schema and varTable24; effective source_manifest.json records final fall revisions.,Authorized 2024 integration audit: annual FLAGS/valueSets meanings reviewed; observed code and exact status/form predicate; scalar physical sources only. Preserve 2023 per-form finance section semantics; moved Cost fields governed separately by PRCH_COS (all -2 in 2024).
EXT24-PRCH-PRCH_F-5-3,2024,2024,PRCH_F,5,null,F3A01|F3A01A|F3A01B|F3A01C|F3A02|F3A02A|F3A03|F3A04|F3A05|F3A06|F3A07|F3A08|F3A09|F3A10|F3A11|F3A12|F3B01|F3B02|F3B03|F3B04|F3B05|F3B06|F3B07|F3B08|F3EQUITR|F3F01|F3F02|F3F03|F3G01|F3G02|F3G03|F3G04|F3G05|F3G06|F3G07,"{""FORM_F"":3}",private_for_profit,F3,A|B|F|G,approved,Original IPEDS202425.accdb SHA256 98e9175e54ba719cf7f0bfcc8e043fac4d11babd1b73ba1701ebbdc23e5470f5; exact physical schema and varTable24; effective source_manifest.json records final fall revisions.,Authorized 2024 integration audit: annual FLAGS/valueSets meanings reviewed; observed code and exact status/form predicate; scalar physical sources only. Preserve 2023 per-form finance section semantics; moved Cost fields governed separately by PRCH_COS (all -2 in 2024).
EXT24-PRCH-PRCH_F-5-4,2024,2024,PRCH_F,5,null,F1A01|F1A04|F1A05|F1A06|F1A07|F1A08|F1A09|F1A10|F1A11|F1A12|F1A13|F1A14|F1A15|F1A16|F1A17|F1A18|F1A19|F1A20|F1A214|F1A224|F1A234|F1A274|F1A27T4|F1A284|F1A31|F1A324|F1A334|F1A344|F1D01|F1D02|F1D03|F1D04|F1D05|F1D06|F1EQUITR|F1M01|F1M02|F1M03|F1M04|F1M05|F1M06|F1M07|F1M08|F1MHOP|F1MHP|F1N01|F1N02|F1N03|F1N04|F1N05|F1N06|F1N07,"{""FORM_F"":4}",GASB,F1,A|D|L|M1|M2|N,approved,Original IPEDS202425.accdb SHA256 98e9175e54ba719cf7f0bfcc8e043fac4d11babd1b73ba1701ebbdc23e5470f5; exact physical schema and varTable24; effective source_manifest.json records final fall revisions.,Authorized 2024 integration audit: annual FLAGS/valueSets meanings reviewed; observed code and exact status/form predicate; scalar physical sources only. Preserve 2023 per-form finance section semantics; moved Cost fields governed separately by PRCH_COS (all -2 in 2024).
EXT24-PRCH-PRCH_F-6-4,2024,2024,PRCH_F,6,null,F1A01|F1A04|F1A05|F1A06|F1A07|F1A08|F1A09|F1A10|F1A11|F1A12|F1A13|F1A14|F1A15|F1A16|F1A17|F1A18|F1A19|F1A20|F1A214|F1A224|F1A234|F1A274|F1A27T4|F1A284|F1A31|F1A324|F1A334|F1A344|F1D01|F1D02|F1D03|F1D04|F1D05|F1D06|F1EQUITR|F1M01|F1M02|F1M03|F1M04|F1M05|F1M06|F1M07|F1M08|F1MHOP|F1MHP|F1N01|F1N02|F1N03|F1N04|F1N05|F1N06|F1N07,"{""FORM_F"":4}",GASB,F1,A|D|L|M1|M2|N,approved,Original IPEDS202425.accdb SHA256 98e9175e54ba719cf7f0bfcc8e043fac4d11babd1b73ba1701ebbdc23e5470f5; exact physical schema and varTable24; effective source_manifest.json records final fall revisions.,Authorized 2024 integration audit: annual FLAGS/valueSets meanings reviewed; observed code and exact status/form predicate; scalar physical sources only. Preserve 2023 per-form finance section semantics; moved Cost fields governed separately by PRCH_COS (all -2 in 2024).
EXT24-PRCH-PRCHTP_F--2--1,2024,2024,PRCHTP_F,-2,retain,,"{""FORM_F"":-1}",not_observed,not_observed,topology,approved,Original IPEDS202425.accdb SHA256 98e9175e54ba719cf7f0bfcc8e043fac4d11babd1b73ba1701ebbdc23e5470f5; exact physical schema and varTable24; effective source_manifest.json records final fall revisions.,Authorized 2024 integration audit: annual FLAGS/valueSets meanings reviewed; observed code and exact status/form predicate; scalar physical sources only. Preserve 2023 per-form finance section semantics; moved Cost fields governed separately by PRCH_COS (all -2 in 2024).
EXT24-PRCH-PRCHTP_F--2--2,2024,2024,PRCHTP_F,-2,retain,,"{""FORM_F"":-2}",all_finance_forms,ALL,topology,approved,Original IPEDS202425.accdb SHA256 98e9175e54ba719cf7f0bfcc8e043fac4d11babd1b73ba1701ebbdc23e5470f5; exact physical schema and varTable24; effective source_manifest.json records final fall revisions.,Authorized 2024 integration audit: annual FLAGS/valueSets meanings reviewed; observed code and exact status/form predicate; scalar physical sources only. Preserve 2023 per-form finance section semantics; moved Cost fields governed separately by PRCH_COS (all -2 in 2024).
EXT24-PRCH-PRCHTP_F--2-2,2024,2024,PRCHTP_F,-2,retain,,"{""FORM_F"":2}",FASB,F2,topology,approved,Original IPEDS202425.accdb SHA256 98e9175e54ba719cf7f0bfcc8e043fac4d11babd1b73ba1701ebbdc23e5470f5; exact physical schema and varTable24; effective source_manifest.json records final fall revisions.,Authorized 2024 integration audit: annual FLAGS/valueSets meanings reviewed; observed code and exact status/form predicate; scalar physical sources only. Preserve 2023 per-form finance section semantics; moved Cost fields governed separately by PRCH_COS (all -2 in 2024).
EXT24-PRCH-PRCHTP_F--2-3,2024,2024,PRCHTP_F,-2,retain,,"{""FORM_F"":3}",private_for_profit,F3,topology,approved,Original IPEDS202425.accdb SHA256 98e9175e54ba719cf7f0bfcc8e043fac4d11babd1b73ba1701ebbdc23e5470f5; exact physical schema and varTable24; effective source_manifest.json records final fall revisions.,Authorized 2024 integration audit: annual FLAGS/valueSets meanings reviewed; observed code and exact status/form predicate; scalar physical sources only. Preserve 2023 per-form finance section semantics; moved Cost fields governed separately by PRCH_COS (all -2 in 2024).
EXT24-PRCH-PRCHTP_F--2-4,2024,2024,PRCHTP_F,-2,retain,,"{""FORM_F"":4}",GASB,F1,topology,approved,Original IPEDS202425.accdb SHA256 98e9175e54ba719cf7f0bfcc8e043fac4d11babd1b73ba1701ebbdc23e5470f5; exact physical schema and varTable24; effective source_manifest.json records final fall revisions.,Authorized 2024 integration audit: annual FLAGS/valueSets meanings reviewed; observed code and exact status/form predicate; scalar physical sources only. Preserve 2023 per-form finance section semantics; moved Cost fields governed separately by PRCH_COS (all -2 in 2024).
EXT24-PRCH-PRCHTP_F-1--2,2024,2024,PRCHTP_F,1,retain,,"{""FORM_F"":-2}",all_finance_forms,ALL,topology,approved,Original IPEDS202425.accdb SHA256 98e9175e54ba719cf7f0bfcc8e043fac4d11babd1b73ba1701ebbdc23e5470f5; exact physical schema and varTable24; effective source_manifest.json records final fall revisions.,Authorized 2024 integration audit: annual FLAGS/valueSets meanings reviewed; observed code and exact status/form predicate; scalar physical sources only. Preserve 2023 per-form finance section semantics; moved Cost fields governed separately by PRCH_COS (all -2 in 2024).
EXT24-PRCH-PRCHTP_F-1-2,2024,2024,PRCHTP_F,1,retain,,"{""FORM_F"":2}",FASB,F2,topology,approved,Original IPEDS202425.accdb SHA256 98e9175e54ba719cf7f0bfcc8e043fac4d11babd1b73ba1701ebbdc23e5470f5; exact physical schema and varTable24; effective source_manifest.json records final fall revisions.,Authorized 2024 integration audit: annual FLAGS/valueSets meanings reviewed; observed code and exact status/form predicate; scalar physical sources only. Preserve 2023 per-form finance section semantics; moved Cost fields governed separately by PRCH_COS (all -2 in 2024).
EXT24-PRCH-PRCHTP_F-1-3,2024,2024,PRCHTP_F,1,retain,,"{""FORM_F"":3}",private_for_profit,F3,topology,approved,Original IPEDS202425.accdb SHA256 98e9175e54ba719cf7f0bfcc8e043fac4d11babd1b73ba1701ebbdc23e5470f5; exact physical schema and varTable24; effective source_manifest.json records final fall revisions.,Authorized 2024 integration audit: annual FLAGS/valueSets meanings reviewed; observed code and exact status/form predicate; scalar physical sources only. Preserve 2023 per-form finance section semantics; moved Cost fields governed separately by PRCH_COS (all -2 in 2024).
EXT24-PRCH-PRCHTP_F-1-4,2024,2024,PRCHTP_F,1,retain,,"{""FORM_F"":4}",GASB,F1,topology,approved,Original IPEDS202425.accdb SHA256 98e9175e54ba719cf7f0bfcc8e043fac4d11babd1b73ba1701ebbdc23e5470f5; exact physical schema and varTable24; effective source_manifest.json records final fall revisions.,Authorized 2024 integration audit: annual FLAGS/valueSets meanings reviewed; observed code and exact status/form predicate; scalar physical sources only. Preserve 2023 per-form finance section semantics; moved Cost fields governed separately by PRCH_COS (all -2 in 2024).
EXT24-PRCH-PRCHTP_F-2--1,2024,2024,PRCHTP_F,2,retain,,"{""FORM_F"":-1}",not_applicable,PRCHTP_F,none,approved,Original IPEDS202425.accdb SHA256 98e9175e54ba719cf7f0bfcc8e043fac4d11babd1b73ba1701ebbdc23e5470f5; exact physical schema and varTable24; effective source_manifest.json records final fall revisions.,Authorized 2024 integration audit: annual FLAGS/valueSets meanings reviewed; observed code and exact status/form predicate; scalar physical sources only. Preserve 2023 per-form finance section semantics; moved Cost fields governed separately by PRCH_COS (all -2 in 2024).
EXT24-PRCH-PRCHTP_F-2--2,2024,2024,PRCHTP_F,2,retain,,"{""FORM_F"":-2}",all_finance_forms,ALL,topology,approved,Original IPEDS202425.accdb SHA256 98e9175e54ba719cf7f0bfcc8e043fac4d11babd1b73ba1701ebbdc23e5470f5; exact physical schema and varTable24; effective source_manifest.json records final fall revisions.,Authorized 2024 integration audit: annual FLAGS/valueSets meanings reviewed; observed code and exact status/form predicate; scalar physical sources only. Preserve 2023 per-form finance section semantics; moved Cost fields governed separately by PRCH_COS (all -2 in 2024).
EXT24-PRCH-PRCHTP_F-2-2,2024,2024,PRCHTP_F,2,retain,,"{""FORM_F"":2}",FASB,F2,topology,approved,Original IPEDS202425.accdb SHA256 98e9175e54ba719cf7f0bfcc8e043fac4d11babd1b73ba1701ebbdc23e5470f5; exact physical schema and varTable24; effective source_manifest.json records final fall revisions.,Authorized 2024 integration audit: annual FLAGS/valueSets meanings reviewed; observed code and exact status/form predicate; scalar physical sources only. Preserve 2023 per-form finance section semantics; moved Cost fields governed separately by PRCH_COS (all -2 in 2024).
EXT24-PRCH-PRCHTP_F-2-3,2024,2024,PRCHTP_F,2,retain,,"{""FORM_F"":3}",private_for_profit,F3,topology,approved,Original IPEDS202425.accdb SHA256 98e9175e54ba719cf7f0bfcc8e043fac4d11babd1b73ba1701ebbdc23e5470f5; exact physical schema and varTable24; effective source_manifest.json records final fall revisions.,Authorized 2024 integration audit: annual FLAGS/valueSets meanings reviewed; observed code and exact status/form predicate; scalar physical sources only. Preserve 2023 per-form finance section semantics; moved Cost fields governed separately by PRCH_COS (all -2 in 2024).
EXT24-PRCH-PRCHTP_F-2-4,2024,2024,PRCHTP_F,2,retain,,"{""FORM_F"":4}",GASB,F1,topology,approved,Original IPEDS202425.accdb SHA256 98e9175e54ba719cf7f0bfcc8e043fac4d11babd1b73ba1701ebbdc23e5470f5; exact physical schema and varTable24; effective source_manifest.json records final fall revisions.,Authorized 2024 integration audit: annual FLAGS/valueSets meanings reviewed; observed code and exact status/form predicate; scalar physical sources only. Preserve 2023 per-form finance section semantics; moved Cost fields governed separately by PRCH_COS (all -2 in 2024).
EXT24-PRCH-PRCHTP_F-3--2,2024,2024,PRCHTP_F,3,retain,,"{""FORM_F"":-2}",all_finance_forms,ALL,topology,approved,Original IPEDS202425.accdb SHA256 98e9175e54ba719cf7f0bfcc8e043fac4d11babd1b73ba1701ebbdc23e5470f5; exact physical schema and varTable24; effective source_manifest.json records final fall revisions.,Authorized 2024 integration audit: annual FLAGS/valueSets meanings reviewed; observed code and exact status/form predicate; scalar physical sources only. Preserve 2023 per-form finance section semantics; moved Cost fields governed separately by PRCH_COS (all -2 in 2024).
EXT24-PRCH-PRCHTP_F-3-4,2024,2024,PRCHTP_F,3,retain,,"{""FORM_F"":4}",GASB,F1,topology,approved,Original IPEDS202425.accdb SHA256 98e9175e54ba719cf7f0bfcc8e043fac4d11babd1b73ba1701ebbdc23e5470f5; exact physical schema and varTable24; effective source_manifest.json records final fall revisions.,Authorized 2024 integration audit: annual FLAGS/valueSets meanings reviewed; observed code and exact status/form predicate; scalar physical sources only. Preserve 2023 per-form finance section semantics; moved Cost fields governed separately by PRCH_COS (all -2 in 2024).
EXT24-PRCH-PRCHTP_F-5-2,2024,2024,PRCHTP_F,5,retain,,"{""FORM_F"":2}",FASB,F2,topology,approved,Original IPEDS202425.accdb SHA256 98e9175e54ba719cf7f0bfcc8e043fac4d11babd1b73ba1701ebbdc23e5470f5; exact physical schema and varTable24; effective source_manifest.json records final fall revisions.,Authorized 2024 integration audit: annual FLAGS/valueSets meanings reviewed; observed code and exact status/form predicate; scalar physical sources only. Preserve 2023 per-form finance section semantics; moved Cost fields governed separately by PRCH_COS (all -2 in 2024).
EXT24-PRCH-PRCHTP_F-5-3,2024,2024,PRCHTP_F,5,retain,,"{""FORM_F"":3}",private_for_profit,F3,topology,approved,Original IPEDS202425.accdb SHA256 98e9175e54ba719cf7f0bfcc8e043fac4d11babd1b73ba1701ebbdc23e5470f5; exact physical schema and varTable24; effective source_manifest.json records final fall revisions.,Authorized 2024 integration audit: annual FLAGS/valueSets meanings reviewed; observed code and exact status/form predicate; scalar physical sources only. Preserve 2023 per-form finance section semantics; moved Cost fields governed separately by PRCH_COS (all -2 in 2024).
EXT24-PRCH-PRCHTP_F-5-4,2024,2024,PRCHTP_F,5,retain,,"{""FORM_F"":4}",GASB,F1,topology,approved,Original IPEDS202425.accdb SHA256 98e9175e54ba719cf7f0bfcc8e043fac4d11babd1b73ba1701ebbdc23e5470f5; exact physical schema and varTable24; effective source_manifest.json records final fall revisions.,Authorized 2024 integration audit: annual FLAGS/valueSets meanings reviewed; observed code and exact status/form predicate; scalar physical sources only. Preserve 2023 per-form finance section semantics; moved Cost fields governed separately by PRCH_COS (all -2 in 2024).
EXT24-PRCH-PRCH_AL--2--2,2024,2024,PRCH_AL,-2,retain,,"{""STAT_AL"":-2}",not_applicable,AL,none,approved,Original IPEDS202425.accdb SHA256 98e9175e54ba719cf7f0bfcc8e043fac4d11babd1b73ba1701ebbdc23e5470f5; exact physical schema and varTable24; effective source_manifest.json records final fall revisions.,Authorized 2024 integration audit: annual FLAGS/valueSets meanings reviewed; observed code and exact status/form predicate; scalar physical sources only. Preserve 2023 per-form finance section semantics; moved Cost fields governed separately by PRCH_COS (all -2 in 2024).
EXT24-PRCH-PRCH_AL--2--9,2024,2024,PRCH_AL,-2,retain,,"{""STAT_AL"":-9}",not_applicable,AL,none,approved,Original IPEDS202425.accdb SHA256 98e9175e54ba719cf7f0bfcc8e043fac4d11babd1b73ba1701ebbdc23e5470f5; exact physical schema and varTable24; effective source_manifest.json records final fall revisions.,Authorized 2024 integration audit: annual FLAGS/valueSets meanings reviewed; observed code and exact status/form predicate; scalar physical sources only. Preserve 2023 per-form finance section semantics; moved Cost fields governed separately by PRCH_COS (all -2 in 2024).
EXT24-PRCH-PRCH_AL--2-1,2024,2024,PRCH_AL,-2,retain,,"{""STAT_AL"":1}",not_applicable,AL,none,approved,Original IPEDS202425.accdb SHA256 98e9175e54ba719cf7f0bfcc8e043fac4d11babd1b73ba1701ebbdc23e5470f5; exact physical schema and varTable24; effective source_manifest.json records final fall revisions.,Authorized 2024 integration audit: annual FLAGS/valueSets meanings reviewed; observed code and exact status/form predicate; scalar physical sources only. Preserve 2023 per-form finance section semantics; moved Cost fields governed separately by PRCH_COS (all -2 in 2024).
EXT24-PRCH-PRCH_AL--2-2,2024,2024,PRCH_AL,-2,retain,,"{""STAT_AL"":2}",not_applicable,AL,none,approved,Original IPEDS202425.accdb SHA256 98e9175e54ba719cf7f0bfcc8e043fac4d11babd1b73ba1701ebbdc23e5470f5; exact physical schema and varTable24; effective source_manifest.json records final fall revisions.,Authorized 2024 integration audit: annual FLAGS/valueSets meanings reviewed; observed code and exact status/form predicate; scalar physical sources only. Preserve 2023 per-form finance section semantics; moved Cost fields governed separately by PRCH_COS (all -2 in 2024).
EXT24-PRCH-PRCH_AL--2-4,2024,2024,PRCH_AL,-2,retain,,"{""STAT_AL"":4}",not_applicable,AL,none,approved,Original IPEDS202425.accdb SHA256 98e9175e54ba719cf7f0bfcc8e043fac4d11babd1b73ba1701ebbdc23e5470f5; exact physical schema and varTable24; effective source_manifest.json records final fall revisions.,Authorized 2024 integration audit: annual FLAGS/valueSets meanings reviewed; observed code and exact status/form predicate; scalar physical sources only. Preserve 2023 per-form finance section semantics; moved Cost fields governed separately by PRCH_COS (all -2 in 2024).
EXT24-PRCH-PRCH_AL--2-5,2024,2024,PRCH_AL,-2,retain,,"{""STAT_AL"":5}",not_applicable,AL,none,approved,Original IPEDS202425.accdb SHA256 98e9175e54ba719cf7f0bfcc8e043fac4d11babd1b73ba1701ebbdc23e5470f5; exact physical schema and varTable24; effective source_manifest.json records final fall revisions.,Authorized 2024 integration audit: annual FLAGS/valueSets meanings reviewed; observed code and exact status/form predicate; scalar physical sources only. Preserve 2023 per-form finance section semantics; moved Cost fields governed separately by PRCH_COS (all -2 in 2024).
EXT24-PRCH-PRCH_AL-1-1,2024,2024,PRCH_AL,1,retain,,"{""STAT_AL"":1}",not_applicable,AL,none,approved,Original IPEDS202425.accdb SHA256 98e9175e54ba719cf7f0bfcc8e043fac4d11babd1b73ba1701ebbdc23e5470f5; exact physical schema and varTable24; effective source_manifest.json records final fall revisions.,Authorized 2024 integration audit: annual FLAGS/valueSets meanings reviewed; observed code and exact status/form predicate; scalar physical sources only. Preserve 2023 per-form finance section semantics; moved Cost fields governed separately by PRCH_COS (all -2 in 2024).
EXT24-PRCH-PRCH_AL-2-1,2024,2024,PRCH_AL,2,null,LBRANCH|LCOLELYN|LEBOOKS|LEBOOKSP|LECLLCT|LECRCLT|LEDATAB|LEDATABP|LEMEDIA|LEMEDIAP|LESERIA|LESERIAP|LEXMSBB|LEXMSBBP|LEXMSCS|LEXMSCSP|LEXMSOT|LEXMSOTP|LEXMSTL|LEXOMOT|LEXOMPS|LEXOMTL|LEXOMTLP|LEXP100K|LEXPTOT|LEXPTOTF|LFRNGBN|LFRNGBNP|LFRNGBYN|LILLDPR|LILLDRC|LILLDYN|LILSYN|LLIBRFTE|LPAIDFTE|LPBOOKS|LPBOOKSP|LPCLLCT|LPCRCLT|LPMEDIA|LPMEDIAP|LPROFFTE|LPSERIA|LPSERIAP|LSALWAG|LSALWAGP|LSLIBRN|LSOPAID|LSOPROF|LSSTAST|LSTOTAL|LSTUDFTE|LSWMSOM|LTCLLCT|LTCRCLT|LTOTLFTE,"{""STAT_AL"":1}",not_applicable,AL,component_scalar_payload,approved,Original IPEDS202425.accdb SHA256 98e9175e54ba719cf7f0bfcc8e043fac4d11babd1b73ba1701ebbdc23e5470f5; exact physical schema and varTable24; effective source_manifest.json records final fall revisions.,Authorized 2024 integration audit: annual FLAGS/valueSets meanings reviewed; observed code and exact status/form predicate; scalar physical sources only. Preserve 2023 per-form finance section semantics; moved Cost fields governed separately by PRCH_COS (all -2 in 2024).
