year,access_table_name,source_file,varname,variable_id,analysis_column,source_csv_sha256,source_rows,reason
2024,COST1_2024,COST,CHG10AY0,nces:COST:00016236:CHG10AY0,CHG10AY0,8879d4fa887d9156559b25af8a84316ec1de1bc99b3ceec5510e504eb5b7d7e0,5867,All physical source cells verified literal blank; retain the exact field and metadata without inventing values or reasons for missingness.
2024,COST1_2024,COST,CHG10AY1,nces:COST:00016241:CHG10AY1,CHG10AY1,8879d4fa887d9156559b25af8a84316ec1de1bc99b3ceec5510e504eb5b7d7e0,5867,All physical source cells verified literal blank; retain the exact field and metadata without inventing values or reasons for missingness.
2024,COST1_2024,COST,CHG10AY2,nces:COST:00016246:CHG10AY2,CHG10AY2,8879d4fa887d9156559b25af8a84316ec1de1bc99b3ceec5510e504eb5b7d7e0,5867,All physical source cells verified literal blank; retain the exact field and metadata without inventing values or reasons for missingness.
2024,COST1_2024,COST,CHG10PY0,nces:COST:00016256:CHG10PY0,CHG10PY0,8879d4fa887d9156559b25af8a84316ec1de1bc99b3ceec5510e504eb5b7d7e0,5867,All physical source cells verified literal blank; retain the exact field and metadata without inventing values or reasons for missingness.
2024,COST1_2024,COST,CHG10PY1,nces:COST:00016261:CHG10PY1,CHG10PY1,8879d4fa887d9156559b25af8a84316ec1de1bc99b3ceec5510e504eb5b7d7e0,5867,All physical source cells verified literal blank; retain the exact field and metadata without inventing values or reasons for missingness.
2024,COST1_2024,COST,CHG10PY2,nces:COST:00016266:CHG10PY2,CHG10PY2,8879d4fa887d9156559b25af8a84316ec1de1bc99b3ceec5510e504eb5b7d7e0,5867,All physical source cells verified literal blank; retain the exact field and metadata without inventing values or reasons for missingness.
2024,FLAGS2024,FLAGS,PCCOS_F,nces:FLAGS:00016296:PCCOS_F,PCCOS_F,4a39f6253777dfcc3e64c9c60e17dad41395829391cf3c99a955a65be9ebeec6,6072,All physical source cells verified literal blank; retain the exact field and metadata without inventing values or reasons for missingness.
2024,FLAGS2024,FLAGS,PCGR_F,nces:FLAGS:00080018:PCGR_F,PCGR_F,4a39f6253777dfcc3e64c9c60e17dad41395829391cf3c99a955a65be9ebeec6,6072,All physical source cells verified literal blank; retain the exact field and metadata without inventing values or reasons for missingness.
2024,FLAGS2024,FLAGS,PCGR2_F,nces:FLAGS:00080117:PCGR2_F,PCGR2_F,4a39f6253777dfcc3e64c9c60e17dad41395829391cf3c99a955a65be9ebeec6,6072,All physical source cells verified literal blank; retain the exact field and metadata without inventing values or reasons for missingness.
2024,FLAGS2024,FLAGS,PCOM_F,nces:FLAGS:00082121:PCOM_F,PCOM_F,4a39f6253777dfcc3e64c9c60e17dad41395829391cf3c99a955a65be9ebeec6,6072,All physical source cells verified literal blank; retain the exact field and metadata without inventing values or reasons for missingness.
2024,FLAGS2024,FLAGS,PCADM_F,nces:FLAGS:00017003:PCADM_F,PCADM_F,4a39f6253777dfcc3e64c9c60e17dad41395829391cf3c99a955a65be9ebeec6,6072,All physical source cells verified literal blank; retain the exact field and metadata without inventing values or reasons for missingness.
