contract_id,decision_id,year_start,year_end,source_file,access_table_pattern,grain_class,unit_key_columns,dimension_columns,measure_selection_rule,expected_rows_per_unit,aggregation_policy,source_evidence,review_note,reviewed
ipedsdb-panel-2004-2024-mixed-v1,EXT24-GRAIN-ADM2024,2024,2024,ADM,ADM2024,scalar,UNITID,,source_columns_contract,1,exact_duplicate_only,Original IPEDS202425.accdb SHA256 98e9175e54ba719cf7f0bfcc8e043fac4d11babd1b73ba1701ebbdc23e5470f5; exact physical schema and varTable24; effective source_manifest.json records final fall revisions.,2024 extension review: exact physical table and column; no cross-table wildcard or nearest-year metadata substitution.,true
ipedsdb-panel-2004-2024-mixed-v1,EXT24-GRAIN-AL2024,2024,2024,AL,AL2024,scalar,UNITID,,source_columns_contract,1,exact_duplicate_only,Original IPEDS202425.accdb SHA256 98e9175e54ba719cf7f0bfcc8e043fac4d11babd1b73ba1701ebbdc23e5470f5; exact physical schema and varTable24; effective source_manifest.json records final fall revisions.,2024 extension review: exact physical table and column; no cross-table wildcard or nearest-year metadata substitution.,true
ipedsdb-panel-2004-2024-mixed-v1,EXT24-GRAIN-C2024DEP,2024,2024,CDEP,C2024DEP,dimensioned,UNITID|CIPCODE,CIPCODE,source_columns_contract,many,exact_duplicate_only,Original IPEDS202425.accdb SHA256 98e9175e54ba719cf7f0bfcc8e043fac4d11babd1b73ba1701ebbdc23e5470f5; exact physical schema and varTable24; effective source_manifest.json records final fall revisions.,2024 extension review: exact physical table and column; no cross-table wildcard or nearest-year metadata substitution.,true
ipedsdb-panel-2004-2024-mixed-v1,EXT24-GRAIN-C2024_A,2024,2024,C_A,C2024_A,dimensioned,UNITID|CIPCODE|MAJORNUM|AWLEVEL,CIPCODE|MAJORNUM|AWLEVEL,source_columns_contract,many,exact_duplicate_only,Original IPEDS202425.accdb SHA256 98e9175e54ba719cf7f0bfcc8e043fac4d11babd1b73ba1701ebbdc23e5470f5; exact physical schema and varTable24; effective source_manifest.json records final fall revisions.,2024 extension review: exact physical table and column; no cross-table wildcard or nearest-year metadata substitution.,true
ipedsdb-panel-2004-2024-mixed-v1,EXT24-GRAIN-C2024_B,2024,2024,C_B,C2024_B,scalar,UNITID,,source_columns_contract,1,exact_duplicate_only,Original IPEDS202425.accdb SHA256 98e9175e54ba719cf7f0bfcc8e043fac4d11babd1b73ba1701ebbdc23e5470f5; exact physical schema and varTable24; effective source_manifest.json records final fall revisions.,2024 extension review: exact physical table and column; no cross-table wildcard or nearest-year metadata substitution.,true
ipedsdb-panel-2004-2024-mixed-v1,EXT24-GRAIN-C2024_C,2024,2024,C_C,C2024_C,dimensioned,UNITID|AWLEVELC,AWLEVELC,source_columns_contract,many,exact_duplicate_only,Original IPEDS202425.accdb SHA256 98e9175e54ba719cf7f0bfcc8e043fac4d11babd1b73ba1701ebbdc23e5470f5; exact physical schema and varTable24; effective source_manifest.json records final fall revisions.,2024 extension review: exact physical table and column; no cross-table wildcard or nearest-year metadata substitution.,true
ipedsdb-panel-2004-2024-mixed-v1,EXT24-GRAIN-COST1_2024,2024,2024,COST,COST1_2024,scalar,UNITID,,source_columns_contract,1,exact_duplicate_only,Original IPEDS202425.accdb SHA256 98e9175e54ba719cf7f0bfcc8e043fac4d11babd1b73ba1701ebbdc23e5470f5; exact physical schema and varTable24; effective source_manifest.json records final fall revisions.,2024 extension review: exact physical table and column; no cross-table wildcard or nearest-year metadata substitution.,true
ipedsdb-panel-2004-2024-mixed-v1,EXT24-GRAIN-COST2_2024_FINANCIALAID,2024,2024,COST_FINANCIALAID,COST2_2024_FINANCIALAID,scalar,UNITID,,source_columns_contract,1,exact_duplicate_only,Original IPEDS202425.accdb SHA256 98e9175e54ba719cf7f0bfcc8e043fac4d11babd1b73ba1701ebbdc23e5470f5; exact physical schema and varTable24; effective source_manifest.json records final fall revisions.,2024 extension review: exact physical table and column; no cross-table wildcard or nearest-year metadata substitution.,true
ipedsdb-panel-2004-2024-mixed-v1,EXT24-GRAIN-COST2_2024_NETPRICE,2024,2024,COST_NETPRICE,COST2_2024_NETPRICE,scalar,UNITID,,source_columns_contract,1,exact_duplicate_only,Original IPEDS202425.accdb SHA256 98e9175e54ba719cf7f0bfcc8e043fac4d11babd1b73ba1701ebbdc23e5470f5; exact physical schema and varTable24; effective source_manifest.json records final fall revisions.,2024 extension review: exact physical table and column; no cross-table wildcard or nearest-year metadata substitution.,true
ipedsdb-panel-2004-2024-mixed-v1,EXT24-GRAIN-CUSTOMCGIDS2024,2024,2024,CUSTOMCGIDS,CUSTOMCGIDS2024,dimensioned,UNITID|CGUNITID,CGUNITID,source_columns_contract,many,exact_duplicate_only,Original IPEDS202425.accdb SHA256 98e9175e54ba719cf7f0bfcc8e043fac4d11babd1b73ba1701ebbdc23e5470f5; exact physical schema and varTable24; effective source_manifest.json records final fall revisions.,2024 extension review: exact physical table and column; no cross-table wildcard or nearest-year metadata substitution.,true
ipedsdb-panel-2004-2024-mixed-v1,EXT24-GRAIN-DRVADM2024,2024,2024,DRVADM,DRVADM2024,scalar,UNITID,,source_columns_contract,1,exact_duplicate_only,Original IPEDS202425.accdb SHA256 98e9175e54ba719cf7f0bfcc8e043fac4d11babd1b73ba1701ebbdc23e5470f5; exact physical schema and varTable24; effective source_manifest.json records final fall revisions.,2024 extension review: exact physical table and column; no cross-table wildcard or nearest-year metadata substitution.,true
ipedsdb-panel-2004-2024-mixed-v1,EXT24-GRAIN-DRVAL2024,2024,2024,DRVAL,DRVAL2024,scalar,UNITID,,source_columns_contract,1,exact_duplicate_only,Original IPEDS202425.accdb SHA256 98e9175e54ba719cf7f0bfcc8e043fac4d11babd1b73ba1701ebbdc23e5470f5; exact physical schema and varTable24; effective source_manifest.json records final fall revisions.,2024 extension review: exact physical table and column; no cross-table wildcard or nearest-year metadata substitution.,true
ipedsdb-panel-2004-2024-mixed-v1,EXT24-GRAIN-DRVC2024,2024,2024,DRVC,DRVC2024,scalar,UNITID,,source_columns_contract,1,exact_duplicate_only,Original IPEDS202425.accdb SHA256 98e9175e54ba719cf7f0bfcc8e043fac4d11babd1b73ba1701ebbdc23e5470f5; exact physical schema and varTable24; effective source_manifest.json records final fall revisions.,2024 extension review: exact physical table and column; no cross-table wildcard or nearest-year metadata substitution.,true
ipedsdb-panel-2004-2024-mixed-v1,EXT24-GRAIN-DRVCOST2024,2024,2024,DRVCOST,DRVCOST2024,scalar,UNITID,,source_columns_contract,1,exact_duplicate_only,Original IPEDS202425.accdb SHA256 98e9175e54ba719cf7f0bfcc8e043fac4d11babd1b73ba1701ebbdc23e5470f5; exact physical schema and varTable24; effective source_manifest.json records final fall revisions.,2024 extension review: exact physical table and column; no cross-table wildcard or nearest-year metadata substitution.,true
ipedsdb-panel-2004-2024-mixed-v1,EXT24-GRAIN-DRVEF122024,2024,2024,DRVEF,DRVEF122024,scalar,UNITID,,source_columns_contract,1,exact_duplicate_only,Original IPEDS202425.accdb SHA256 98e9175e54ba719cf7f0bfcc8e043fac4d11babd1b73ba1701ebbdc23e5470f5; exact physical schema and varTable24; effective source_manifest.json records final fall revisions.,2024 extension review: exact physical table and column; no cross-table wildcard or nearest-year metadata substitution.,true
ipedsdb-panel-2004-2024-mixed-v1,EXT24-GRAIN-DRVEF2024,2024,2024,DRVEF,DRVEF2024,scalar,UNITID,,source_columns_contract,1,exact_duplicate_only,Original IPEDS202425.accdb SHA256 98e9175e54ba719cf7f0bfcc8e043fac4d11babd1b73ba1701ebbdc23e5470f5; exact physical schema and varTable24; effective source_manifest.json records final fall revisions.,2024 extension review: exact physical table and column; no cross-table wildcard or nearest-year metadata substitution.,true
ipedsdb-panel-2004-2024-mixed-v1,EXT24-GRAIN-DRVF2024,2024,2024,DRVF,DRVF2024,scalar,UNITID,,source_columns_contract,1,exact_duplicate_only,Original IPEDS202425.accdb SHA256 98e9175e54ba719cf7f0bfcc8e043fac4d11babd1b73ba1701ebbdc23e5470f5; exact physical schema and varTable24; effective source_manifest.json records final fall revisions.,2024 extension review: exact physical table and column; no cross-table wildcard or nearest-year metadata substitution.,true
ipedsdb-panel-2004-2024-mixed-v1,EXT24-GRAIN-DRVGR2024,2024,2024,DRVGR,DRVGR2024,scalar,UNITID,,source_columns_contract,1,exact_duplicate_only,Original IPEDS202425.accdb SHA256 98e9175e54ba719cf7f0bfcc8e043fac4d11babd1b73ba1701ebbdc23e5470f5; exact physical schema and varTable24; effective source_manifest.json records final fall revisions.,2024 extension review: exact physical table and column; no cross-table wildcard or nearest-year metadata substitution.,true
ipedsdb-panel-2004-2024-mixed-v1,EXT24-GRAIN-DRVHR2024,2024,2024,DRVHR,DRVHR2024,scalar,UNITID,,source_columns_contract,1,exact_duplicate_only,Original IPEDS202425.accdb SHA256 98e9175e54ba719cf7f0bfcc8e043fac4d11babd1b73ba1701ebbdc23e5470f5; exact physical schema and varTable24; effective source_manifest.json records final fall revisions.,2024 extension review: exact physical table and column; no cross-table wildcard or nearest-year metadata substitution.,true
ipedsdb-panel-2004-2024-mixed-v1,EXT24-GRAIN-DRVOM2024,2024,2024,DRVOM,DRVOM2024,scalar,UNITID,,source_columns_contract,1,exact_duplicate_only,Original IPEDS202425.accdb SHA256 98e9175e54ba719cf7f0bfcc8e043fac4d11babd1b73ba1701ebbdc23e5470f5; exact physical schema and varTable24; effective source_manifest.json records final fall revisions.,2024 extension review: exact physical table and column; no cross-table wildcard or nearest-year metadata substitution.,true
ipedsdb-panel-2004-2024-mixed-v1,EXT24-GRAIN-EAP2024,2024,2024,EAP,EAP2024,dimensioned,UNITID|EAPCAT,EAPCAT,source_columns_contract,many,exact_duplicate_only,Original IPEDS202425.accdb SHA256 98e9175e54ba719cf7f0bfcc8e043fac4d11babd1b73ba1701ebbdc23e5470f5; exact physical schema and varTable24; effective source_manifest.json records final fall revisions.,2024 extension review: exact physical table and column; no cross-table wildcard or nearest-year metadata substitution.,true
ipedsdb-panel-2004-2024-mixed-v1,EXT24-GRAIN-EF2024,2024,2024,EF,EF2024,dimensioned,UNITID|EFLEVEL,EFLEVEL,source_columns_contract,many,exact_duplicate_only,Original IPEDS202425.accdb SHA256 98e9175e54ba719cf7f0bfcc8e043fac4d11babd1b73ba1701ebbdc23e5470f5; exact physical schema and varTable24; effective source_manifest.json records final fall revisions.,2024 extension review: exact physical table and column; no cross-table wildcard or nearest-year metadata substitution.,true
ipedsdb-panel-2004-2024-mixed-v1,EXT24-GRAIN-EF2024A,2024,2024,EFA,EF2024A,dimensioned,UNITID|EFALEVEL,EFALEVEL,source_columns_contract,many,exact_duplicate_only,Original IPEDS202425.accdb SHA256 98e9175e54ba719cf7f0bfcc8e043fac4d11babd1b73ba1701ebbdc23e5470f5; exact physical schema and varTable24; effective source_manifest.json records final fall revisions.,2024 extension review: exact physical table and column; no cross-table wildcard or nearest-year metadata substitution.,true
ipedsdb-panel-2004-2024-mixed-v1,EXT24-GRAIN-EF2024A_DIST,2024,2024,EFA_DIST,EF2024A_DIST,dimensioned,UNITID|EFDELEV,EFDELEV,source_columns_contract,many,exact_duplicate_only,Original IPEDS202425.accdb SHA256 98e9175e54ba719cf7f0bfcc8e043fac4d11babd1b73ba1701ebbdc23e5470f5; exact physical schema and varTable24; effective source_manifest.json records final fall revisions.,2024 extension review: exact physical table and column; no cross-table wildcard or nearest-year metadata substitution.,true
ipedsdb-panel-2004-2024-mixed-v1,EXT24-GRAIN-EF2024B,2024,2024,EFB,EF2024B,dimensioned,UNITID|EFBAGE|LSTUDY,EFBAGE|LSTUDY,source_columns_contract,many,exact_duplicate_only,Original IPEDS202425.accdb SHA256 98e9175e54ba719cf7f0bfcc8e043fac4d11babd1b73ba1701ebbdc23e5470f5; exact physical schema and varTable24; effective source_manifest.json records final fall revisions.,2024 extension review: exact physical table and column; no cross-table wildcard or nearest-year metadata substitution.,true
ipedsdb-panel-2004-2024-mixed-v1,EXT24-GRAIN-EF2024C,2024,2024,EFC,EF2024C,dimensioned,UNITID|EFCSTATE,EFCSTATE,source_columns_contract,many,exact_duplicate_only,Original IPEDS202425.accdb SHA256 98e9175e54ba719cf7f0bfcc8e043fac4d11babd1b73ba1701ebbdc23e5470f5; exact physical schema and varTable24; effective source_manifest.json records final fall revisions.,2024 extension review: exact physical table and column; no cross-table wildcard or nearest-year metadata substitution.,true
ipedsdb-panel-2004-2024-mixed-v1,EXT24-GRAIN-EF2024CP,2024,2024,EFCP,EF2024CP,dimensioned,UNITID|EFCIPLEV,EFCIPLEV,source_columns_contract,many,exact_duplicate_only,Original IPEDS202425.accdb SHA256 98e9175e54ba719cf7f0bfcc8e043fac4d11babd1b73ba1701ebbdc23e5470f5; exact physical schema and varTable24; effective source_manifest.json records final fall revisions.,2024 extension review: exact physical table and column; no cross-table wildcard or nearest-year metadata substitution.,true
ipedsdb-panel-2004-2024-mixed-v1,EXT24-GRAIN-EF2024D,2024,2024,EFD,EF2024D,scalar,UNITID,,source_columns_contract,1,exact_duplicate_only,Original IPEDS202425.accdb SHA256 98e9175e54ba719cf7f0bfcc8e043fac4d11babd1b73ba1701ebbdc23e5470f5; exact physical schema and varTable24; effective source_manifest.json records final fall revisions.,2024 extension review: exact physical table and column; no cross-table wildcard or nearest-year metadata substitution.,true
ipedsdb-panel-2004-2024-mixed-v1,EXT24-GRAIN-EFFY2024,2024,2024,EFFY,EFFY2024,dimensioned,UNITID|EFFYALEV,EFFYALEV,source_columns_contract,many,exact_duplicate_only,Original IPEDS202425.accdb SHA256 98e9175e54ba719cf7f0bfcc8e043fac4d11babd1b73ba1701ebbdc23e5470f5; exact physical schema and varTable24; effective source_manifest.json records final fall revisions.,2024 extension review: exact physical table and column; no cross-table wildcard or nearest-year metadata substitution.,true
ipedsdb-panel-2004-2024-mixed-v1,EXT24-GRAIN-EFFY2024_DIST,2024,2024,EFFY_DIST,EFFY2024_DIST,dimensioned,UNITID|EFFYDLEV,EFFYDLEV,source_columns_contract,many,exact_duplicate_only,Original IPEDS202425.accdb SHA256 98e9175e54ba719cf7f0bfcc8e043fac4d11babd1b73ba1701ebbdc23e5470f5; exact physical schema and varTable24; effective source_manifest.json records final fall revisions.,2024 extension review: exact physical table and column; no cross-table wildcard or nearest-year metadata substitution.,true
ipedsdb-panel-2004-2024-mixed-v1,EXT24-GRAIN-EFFY2024_HS,2024,2024,EFFY_HS,EFFY2024_HS,scalar,UNITID,,source_columns_contract,1,exact_duplicate_only,Original IPEDS202425.accdb SHA256 98e9175e54ba719cf7f0bfcc8e043fac4d11babd1b73ba1701ebbdc23e5470f5; exact physical schema and varTable24; effective source_manifest.json records final fall revisions.,2024 extension review: exact physical table and column; no cross-table wildcard or nearest-year metadata substitution.,true
ipedsdb-panel-2004-2024-mixed-v1,EXT24-GRAIN-EFIA2024,2024,2024,EFIA,EFIA2024,scalar,UNITID,,source_columns_contract,1,exact_duplicate_only,Original IPEDS202425.accdb SHA256 98e9175e54ba719cf7f0bfcc8e043fac4d11babd1b73ba1701ebbdc23e5470f5; exact physical schema and varTable24; effective source_manifest.json records final fall revisions.,2024 extension review: exact physical table and column; no cross-table wildcard or nearest-year metadata substitution.,true
ipedsdb-panel-2004-2024-mixed-v1,EXT24-GRAIN-F2324_F1A,2024,2024,F_FA,F2324_F1A,scalar,UNITID,,source_columns_contract,1,exact_duplicate_only,Original IPEDS202425.accdb SHA256 98e9175e54ba719cf7f0bfcc8e043fac4d11babd1b73ba1701ebbdc23e5470f5; exact physical schema and varTable24; effective source_manifest.json records final fall revisions.,2024 extension review: exact physical table and column; no cross-table wildcard or nearest-year metadata substitution.,true
ipedsdb-panel-2004-2024-mixed-v1,EXT24-GRAIN-F2324_F2,2024,2024,F_F,F2324_F2,scalar,UNITID,,source_columns_contract,1,exact_duplicate_only,Original IPEDS202425.accdb SHA256 98e9175e54ba719cf7f0bfcc8e043fac4d11babd1b73ba1701ebbdc23e5470f5; exact physical schema and varTable24; effective source_manifest.json records final fall revisions.,2024 extension review: exact physical table and column; no cross-table wildcard or nearest-year metadata substitution.,true
ipedsdb-panel-2004-2024-mixed-v1,EXT24-GRAIN-F2324_F3,2024,2024,F_F,F2324_F3,scalar,UNITID,,source_columns_contract,1,exact_duplicate_only,Original IPEDS202425.accdb SHA256 98e9175e54ba719cf7f0bfcc8e043fac4d11babd1b73ba1701ebbdc23e5470f5; exact physical schema and varTable24; effective source_manifest.json records final fall revisions.,2024 extension review: exact physical table and column; no cross-table wildcard or nearest-year metadata substitution.,true
ipedsdb-panel-2004-2024-mixed-v1,EXT24-GRAIN-FLAGS2024,2024,2024,FLAGS,FLAGS2024,scalar,UNITID,,source_columns_contract,1,exact_duplicate_only,Original IPEDS202425.accdb SHA256 98e9175e54ba719cf7f0bfcc8e043fac4d11babd1b73ba1701ebbdc23e5470f5; exact physical schema and varTable24; effective source_manifest.json records final fall revisions.,2024 extension review: exact physical table and column; no cross-table wildcard or nearest-year metadata substitution.,true
ipedsdb-panel-2004-2024-mixed-v1,EXT24-GRAIN-GR200_24,2024,2024,GR200,GR200_24,scalar,UNITID,,source_columns_contract,1,exact_duplicate_only,Original IPEDS202425.accdb SHA256 98e9175e54ba719cf7f0bfcc8e043fac4d11babd1b73ba1701ebbdc23e5470f5; exact physical schema and varTable24; effective source_manifest.json records final fall revisions.,2024 extension review: exact physical table and column; no cross-table wildcard or nearest-year metadata substitution.,true
ipedsdb-panel-2004-2024-mixed-v1,EXT24-GRAIN-GR2024,2024,2024,GR,GR2024,dimensioned,UNITID|GRTYPE,GRTYPE,source_columns_contract,many,exact_duplicate_only,Original IPEDS202425.accdb SHA256 98e9175e54ba719cf7f0bfcc8e043fac4d11babd1b73ba1701ebbdc23e5470f5; exact physical schema and varTable24; effective source_manifest.json records final fall revisions.,2024 extension review: exact physical table and column; no cross-table wildcard or nearest-year metadata substitution.,true
ipedsdb-panel-2004-2024-mixed-v1,EXT24-GRAIN-GR2024_L2,2024,2024,GR_L,GR2024_L2,scalar,UNITID,,source_columns_contract,1,exact_duplicate_only,Original IPEDS202425.accdb SHA256 98e9175e54ba719cf7f0bfcc8e043fac4d11babd1b73ba1701ebbdc23e5470f5; exact physical schema and varTable24; effective source_manifest.json records final fall revisions.,2024 extension review: exact physical table and column; no cross-table wildcard or nearest-year metadata substitution.,true
ipedsdb-panel-2004-2024-mixed-v1,EXT24-GRAIN-GR2024_PELL_SSL,2024,2024,GR_PELL_SSL,GR2024_PELL_SSL,dimensioned,UNITID|PSGRTYPE,PSGRTYPE,source_columns_contract,many,exact_duplicate_only,Original IPEDS202425.accdb SHA256 98e9175e54ba719cf7f0bfcc8e043fac4d11babd1b73ba1701ebbdc23e5470f5; exact physical schema and varTable24; effective source_manifest.json records final fall revisions.,2024 extension review: exact physical table and column; no cross-table wildcard or nearest-year metadata substitution.,true
ipedsdb-panel-2004-2024-mixed-v1,EXT24-GRAIN-HD2024,2024,2024,HD,HD2024,scalar,UNITID,,source_columns_contract,1,exact_duplicate_only,Original IPEDS202425.accdb SHA256 98e9175e54ba719cf7f0bfcc8e043fac4d11babd1b73ba1701ebbdc23e5470f5; exact physical schema and varTable24; effective source_manifest.json records final fall revisions.,2024 extension review: exact physical table and column; no cross-table wildcard or nearest-year metadata substitution.,true
ipedsdb-panel-2004-2024-mixed-v1,EXT24-GRAIN-IC2024,2024,2024,IC,IC2024,scalar,UNITID,,source_columns_contract,1,exact_duplicate_only,Original IPEDS202425.accdb SHA256 98e9175e54ba719cf7f0bfcc8e043fac4d11babd1b73ba1701ebbdc23e5470f5; exact physical schema and varTable24; effective source_manifest.json records final fall revisions.,2024 extension review: exact physical table and column; no cross-table wildcard or nearest-year metadata substitution.,true
ipedsdb-panel-2004-2024-mixed-v1,EXT24-GRAIN-IC2024MISSION,2024,2024,ICMISSION,IC2024MISSION,scalar,UNITID,,source_columns_contract,1,exact_duplicate_only,Original IPEDS202425.accdb SHA256 98e9175e54ba719cf7f0bfcc8e043fac4d11babd1b73ba1701ebbdc23e5470f5; exact physical schema and varTable24; effective source_manifest.json records final fall revisions.,2024 extension review: exact physical table and column; no cross-table wildcard or nearest-year metadata substitution.,true
ipedsdb-panel-2004-2024-mixed-v1,EXT24-GRAIN-OM2024,2024,2024,OM,OM2024,dimensioned,UNITID|OMCHRT,OMCHRT,source_columns_contract,many,exact_duplicate_only,Original IPEDS202425.accdb SHA256 98e9175e54ba719cf7f0bfcc8e043fac4d11babd1b73ba1701ebbdc23e5470f5; exact physical schema and varTable24; effective source_manifest.json records final fall revisions.,2024 extension review: exact physical table and column; no cross-table wildcard or nearest-year metadata substitution.,true
ipedsdb-panel-2004-2024-mixed-v1,EXT24-GRAIN-S2024_IS,2024,2024,S_IS,S2024_IS,dimensioned,UNITID|SISCAT,SISCAT,source_columns_contract,many,exact_duplicate_only,Original IPEDS202425.accdb SHA256 98e9175e54ba719cf7f0bfcc8e043fac4d11babd1b73ba1701ebbdc23e5470f5; exact physical schema and varTable24; effective source_manifest.json records final fall revisions.,2024 extension review: exact physical table and column; no cross-table wildcard or nearest-year metadata substitution.,true
ipedsdb-panel-2004-2024-mixed-v1,EXT24-GRAIN-S2024_NH,2024,2024,S_NH,S2024_NH,dimensioned,UNITID|SNHCAT,SNHCAT,source_columns_contract,many,exact_duplicate_only,Original IPEDS202425.accdb SHA256 98e9175e54ba719cf7f0bfcc8e043fac4d11babd1b73ba1701ebbdc23e5470f5; exact physical schema and varTable24; effective source_manifest.json records final fall revisions.,2024 extension review: exact physical table and column; no cross-table wildcard or nearest-year metadata substitution.,true
ipedsdb-panel-2004-2024-mixed-v1,EXT24-GRAIN-S2024_OC,2024,2024,S_OC,S2024_OC,dimensioned,UNITID|STAFFCAT,STAFFCAT,source_columns_contract,many,exact_duplicate_only,Original IPEDS202425.accdb SHA256 98e9175e54ba719cf7f0bfcc8e043fac4d11babd1b73ba1701ebbdc23e5470f5; exact physical schema and varTable24; effective source_manifest.json records final fall revisions.,2024 extension review: exact physical table and column; no cross-table wildcard or nearest-year metadata substitution.,true
ipedsdb-panel-2004-2024-mixed-v1,EXT24-GRAIN-S2024_SIS,2024,2024,S_SIS,S2024_SIS,dimensioned,UNITID|FACSTAT,FACSTAT,source_columns_contract,many,exact_duplicate_only,Original IPEDS202425.accdb SHA256 98e9175e54ba719cf7f0bfcc8e043fac4d11babd1b73ba1701ebbdc23e5470f5; exact physical schema and varTable24; effective source_manifest.json records final fall revisions.,2024 extension review: exact physical table and column; no cross-table wildcard or nearest-year metadata substitution.,true
ipedsdb-panel-2004-2024-mixed-v1,EXT24-GRAIN-SAL2024_IS,2024,2024,SAL_IS,SAL2024_IS,dimensioned,UNITID|ARANK,ARANK,source_columns_contract,many,exact_duplicate_only,Original IPEDS202425.accdb SHA256 98e9175e54ba719cf7f0bfcc8e043fac4d11babd1b73ba1701ebbdc23e5470f5; exact physical schema and varTable24; effective source_manifest.json records final fall revisions.,2024 extension review: exact physical table and column; no cross-table wildcard or nearest-year metadata substitution.,true
ipedsdb-panel-2004-2024-mixed-v1,EXT24-GRAIN-SAL2024_NIS,2024,2024,SAL_NIS,SAL2024_NIS,scalar,UNITID,,source_columns_contract,1,exact_duplicate_only,Original IPEDS202425.accdb SHA256 98e9175e54ba719cf7f0bfcc8e043fac4d11babd1b73ba1701ebbdc23e5470f5; exact physical schema and varTable24; effective source_manifest.json records final fall revisions.,2024 extension review: exact physical table and column; no cross-table wildcard or nearest-year metadata substitution.,true
ipedsdb-panel-2004-2024-mixed-v1,EXT24-GRAIN-SFA2324,2024,2024,SFA,SFA2324,scalar,UNITID,,source_columns_contract,1,exact_duplicate_only,Original IPEDS202425.accdb SHA256 98e9175e54ba719cf7f0bfcc8e043fac4d11babd1b73ba1701ebbdc23e5470f5; exact physical schema and varTable24; effective source_manifest.json records final fall revisions.,2024 extension review: exact physical table and column; no cross-table wildcard or nearest-year metadata substitution.,true
ipedsdb-panel-2004-2024-mixed-v1,EXT24-GRAIN-SFAV2324,2024,2024,SFAV,SFAV2324,scalar,UNITID,,source_columns_contract,1,exact_duplicate_only,Original IPEDS202425.accdb SHA256 98e9175e54ba719cf7f0bfcc8e043fac4d11babd1b73ba1701ebbdc23e5470f5; exact physical schema and varTable24; effective source_manifest.json records final fall revisions.,2024 extension review: exact physical table and column; no cross-table wildcard or nearest-year metadata substitution.,true
