year,varname,varnumber,original_table,physical_tables,classification,imputationvar,imputation_flag_tables
2023,NPIS420,71521,SFA2223_P1,SFA2223_P2,unique_physical_mismatch,XNPIS420,
2023,NPIS430,71526,SFA2223_P1,SFA2223_P2,unique_physical_mismatch,XNPIS430,
2023,NPIS440,71531,SFA2223_P1,SFA2223_P2,unique_physical_mismatch,XNPIS440,
2023,NPT420,71656,SFA2223_P1,SFA2223_P2,unique_physical_mismatch,XNPT420,
2023,NPT430,71661,SFA2223_P1,SFA2223_P2,unique_physical_mismatch,XNPT430,
2023,NPT440,71666,SFA2223_P1,SFA2223_P2,unique_physical_mismatch,XNPT440,
2023,GISTN2,70496,SFA2223_P1,SFA2223_P2,unique_physical_mismatch,XGISTN2,
2023,GISTON2,70501,SFA2223_P1,SFA2223_P2,unique_physical_mismatch,XGISTON2,
2023,GISTWF2,70506,SFA2223_P1,SFA2223_P2,unique_physical_mismatch,XGISTWF2,
2023,GISTOF2,70511,SFA2223_P1,SFA2223_P2,unique_physical_mismatch,XGISTOF2,
2023,GISTUN2,70516,SFA2223_P1,SFA2223_P2,unique_physical_mismatch,XGISTUN2,
2023,GISTT2,70521,SFA2223_P1,SFA2223_P2,unique_physical_mismatch,XGISTT2,
2023,GISTA2,70526,SFA2223_P1,SFA2223_P2,unique_physical_mismatch,XGISTA2,
2023,GISTN1,70531,SFA2223_P1,SFA2223_P2,unique_physical_mismatch,XGISTN1,
2023,GISTON1,70536,SFA2223_P1,SFA2223_P2,unique_physical_mismatch,XGISTON1,
2023,GISTWF1,70541,SFA2223_P1,SFA2223_P2,unique_physical_mismatch,XGISTWF1,
2023,GISTOF1,70546,SFA2223_P1,SFA2223_P2,unique_physical_mismatch,XGISTOF1,
2023,GISTUN1,70551,SFA2223_P1,SFA2223_P2,unique_physical_mismatch,XGISTUN1,
2023,GISTT1,70556,SFA2223_P1,SFA2223_P2,unique_physical_mismatch,XGISTT1,
2023,GISTA1,70561,SFA2223_P1,SFA2223_P2,unique_physical_mismatch,XGISTA1,
2023,GISTN0,70566,SFA2223_P1,SFA2223_P2,unique_physical_mismatch,XGISTN0,
2023,GISTON0,70571,SFA2223_P1,SFA2223_P2,unique_physical_mismatch,XGISTON0,
2023,GISTWF0,70576,SFA2223_P1,SFA2223_P2,unique_physical_mismatch,XGISTWF0,
2023,GISTOF0,70581,SFA2223_P1,SFA2223_P2,unique_physical_mismatch,XGISTOF0,
2023,GISTUN0,70586,SFA2223_P1,SFA2223_P2,unique_physical_mismatch,XGISTUN0,
2023,GISTT0,70591,SFA2223_P1,SFA2223_P2,unique_physical_mismatch,XGISTT0,
2023,GISTA0,70596,SFA2223_P1,SFA2223_P2,unique_physical_mismatch,XGISTA0,
2023,GIS4N2,70601,SFA2223_P1,SFA2223_P2,unique_physical_mismatch,XGIS4N2,
2023,GIS4ON2,70606,SFA2223_P1,SFA2223_P2,unique_physical_mismatch,XGIS4ON2,
2023,GIS4WF2,70611,SFA2223_P1,SFA2223_P2,unique_physical_mismatch,XGIS4WF2,
2023,GIS4OF2,70616,SFA2223_P1,SFA2223_P2,unique_physical_mismatch,XGIS4OF2,
2023,GIS4UN2,70621,SFA2223_P1,SFA2223_P2,unique_physical_mismatch,XGIS4UN2,
2023,GIS4G2,71802,SFA2223_P1,SFA2223_P2,unique_physical_mismatch,XGIS4G2,
2023,GIS4T2,70626,SFA2223_P1,SFA2223_P2,unique_physical_mismatch,XGIS4T2,
2023,GIS4A2,70631,SFA2223_P1,SFA2223_P2,unique_physical_mismatch,XGIS4A2,
2023,GIS4N12,70636,SFA2223_P1,SFA2223_P2,unique_physical_mismatch,XGIS4N12,
2023,GIS4G12,71807,SFA2223_P1,SFA2223_P2,unique_physical_mismatch,XGIS4G12,
2023,GIS4T12,70641,SFA2223_P1,SFA2223_P2,unique_physical_mismatch,XGIS4T12,
2023,GIS4A12,70646,SFA2223_P1,SFA2223_P2,unique_physical_mismatch,XGIS4A12,
2023,GIS4N22,70651,SFA2223_P1,SFA2223_P2,unique_physical_mismatch,XGIS4N22,
2023,GIS4G22,71812,SFA2223_P1,SFA2223_P2,unique_physical_mismatch,XGIS4G22,
2023,GIS4T22,70656,SFA2223_P1,SFA2223_P2,unique_physical_mismatch,XGIS4T22,
2023,GIS4A22,70661,SFA2223_P1,SFA2223_P2,unique_physical_mismatch,XGIS4A22,
2023,GIS4N32,70666,SFA2223_P1,SFA2223_P2,unique_physical_mismatch,XGIS4N32,
2023,GIS4G32,71817,SFA2223_P1,SFA2223_P2,unique_physical_mismatch,XGIS4G32,
2023,GIS4T32,70671,SFA2223_P1,SFA2223_P2,unique_physical_mismatch,XGIS4T32,
2023,GIS4A32,70676,SFA2223_P1,SFA2223_P2,unique_physical_mismatch,XGIS4A32,
2023,GIS4N42,70681,SFA2223_P1,SFA2223_P2,unique_physical_mismatch,XGIS4N42,
2023,GIS4G42,71822,SFA2223_P1,SFA2223_P2,unique_physical_mismatch,XGIS4G42,
2023,GIS4T42,70686,SFA2223_P1,SFA2223_P2,unique_physical_mismatch,XGIS4T42,
2023,GIS4A42,70691,SFA2223_P1,SFA2223_P2,unique_physical_mismatch,XGIS4A42,
2023,GIS4N52,70696,SFA2223_P1,SFA2223_P2,unique_physical_mismatch,XGIS4N52,
2023,GIS4G52,71827,SFA2223_P1,SFA2223_P2,unique_physical_mismatch,XGIS4G52,
2023,GIS4T52,70701,SFA2223_P1,SFA2223_P2,unique_physical_mismatch,XGIS4T52,
2023,GIS4A52,70706,SFA2223_P1,SFA2223_P2,unique_physical_mismatch,XGIS4A52,
2023,GIS4N1,71101,SFA2223_P1,SFA2223_P2,unique_physical_mismatch,XGIS4N1,
2023,GIS4ON1,71106,SFA2223_P1,SFA2223_P2,unique_physical_mismatch,XGIS4ON1,
2023,GIS4WF1,71111,SFA2223_P1,SFA2223_P2,unique_physical_mismatch,XGIS4WF1,
2023,GIS4OF1,71116,SFA2223_P1,SFA2223_P2,unique_physical_mismatch,XGIS4OF1,
2023,GIS4UN1,71121,SFA2223_P1,SFA2223_P2,unique_physical_mismatch,XGIS4UN1,
2023,GIS4G1,71832,SFA2223_P1,SFA2223_P2,unique_physical_mismatch,XGIS4G1,
2023,GIS4T1,71126,SFA2223_P1,SFA2223_P2,unique_physical_mismatch,XGIS4T1,
2023,GIS4A1,71131,SFA2223_P1,SFA2223_P2,unique_physical_mismatch,XGIS4A1,
2023,GIS4N11,71136,SFA2223_P1,SFA2223_P2,unique_physical_mismatch,XGIS4N11,
2023,GIS4G11,71837,SFA2223_P1,SFA2223_P2,unique_physical_mismatch,XGIS4G11,
2023,GIS4T11,71141,SFA2223_P1,SFA2223_P2,unique_physical_mismatch,XGIS4T11,
2023,GIS4A11,71146,SFA2223_P1,SFA2223_P2,unique_physical_mismatch,XGIS4A11,
2023,GIS4N21,71151,SFA2223_P1,SFA2223_P2,unique_physical_mismatch,XGIS4N21,
2023,GIS4G21,71842,SFA2223_P1,SFA2223_P2,unique_physical_mismatch,XGIS4G21,
2023,GIS4T21,71156,SFA2223_P1,SFA2223_P2,unique_physical_mismatch,XGIS4T21,
2023,GIS4A21,71161,SFA2223_P1,SFA2223_P2,unique_physical_mismatch,XGIS4A21,
2023,GIS4N31,71166,SFA2223_P1,SFA2223_P2,unique_physical_mismatch,XGIS4N31,
2023,GIS4G31,71847,SFA2223_P1,SFA2223_P2,unique_physical_mismatch,XGIS4G31,
2023,GIS4T31,71171,SFA2223_P1,SFA2223_P2,unique_physical_mismatch,XGIS4T31,
2023,GIS4A31,71176,SFA2223_P1,SFA2223_P2,unique_physical_mismatch,XGIS4A31,
2023,GIS4N41,71181,SFA2223_P1,SFA2223_P2,unique_physical_mismatch,XGIS4N41,
2023,GIS4G41,71852,SFA2223_P1,SFA2223_P2,unique_physical_mismatch,XGIS4G41,
2023,GIS4T41,71186,SFA2223_P1,SFA2223_P2,unique_physical_mismatch,XGIS4T41,
2023,GIS4A41,71191,SFA2223_P1,SFA2223_P2,unique_physical_mismatch,XGIS4A41,
2023,GIS4N51,71196,SFA2223_P1,SFA2223_P2,unique_physical_mismatch,XGIS4N51,
2023,GIS4G51,71857,SFA2223_P1,SFA2223_P2,unique_physical_mismatch,XGIS4G51,
2023,GIS4T51,71201,SFA2223_P1,SFA2223_P2,unique_physical_mismatch,XGIS4T51,
2023,GIS4A51,71206,SFA2223_P1,SFA2223_P2,unique_physical_mismatch,XGIS4A51,
2023,GIS4N0,71401,SFA2223_P1,SFA2223_P2,unique_physical_mismatch,XGIS4N0,
2023,GIS4ON0,71406,SFA2223_P1,SFA2223_P2,unique_physical_mismatch,XGIS4ON0,
2023,GIS4WF0,71411,SFA2223_P1,SFA2223_P2,unique_physical_mismatch,XGIS4WF0,
2023,GIS4OF0,71416,SFA2223_P1,SFA2223_P2,unique_physical_mismatch,XGIS4OF0,
2023,GIS4UN0,71421,SFA2223_P1,SFA2223_P2,unique_physical_mismatch,XGIS4UN0,
2023,GIS4G0,71862,SFA2223_P1,SFA2223_P2,unique_physical_mismatch,XGIS4G0,
2023,GIS4T0,71426,SFA2223_P1,SFA2223_P2,unique_physical_mismatch,XGIS4T0,
2023,GIS4A0,71431,SFA2223_P1,SFA2223_P2,unique_physical_mismatch,XGIS4A0,
2023,GIS4N10,71436,SFA2223_P1,SFA2223_P2,unique_physical_mismatch,XGIS4N10,
2023,GIS4G10,71867,SFA2223_P1,SFA2223_P2,unique_physical_mismatch,XGIS4G10,
2023,GIS4T10,71441,SFA2223_P1,SFA2223_P2,unique_physical_mismatch,XGIS4T10,
2023,GIS4A10,71446,SFA2223_P1,SFA2223_P2,unique_physical_mismatch,XGIS4A10,
2023,GIS4N20,71451,SFA2223_P1,SFA2223_P2,unique_physical_mismatch,XGIS4N20,
2023,GIS4G20,71872,SFA2223_P1,SFA2223_P2,unique_physical_mismatch,XGIS4G20,
2023,GIS4T20,71456,SFA2223_P1,SFA2223_P2,unique_physical_mismatch,XGIS4T20,
2023,GIS4A20,71461,SFA2223_P1,SFA2223_P2,unique_physical_mismatch,XGIS4A20,
2023,GIS4N30,71466,SFA2223_P1,SFA2223_P2,unique_physical_mismatch,XGIS4N30,
2023,GIS4G30,71877,SFA2223_P1,SFA2223_P2,unique_physical_mismatch,XGIS4G30,
2023,GIS4T30,71471,SFA2223_P1,SFA2223_P2,unique_physical_mismatch,XGIS4T30,
2023,GIS4A30,71476,SFA2223_P1,SFA2223_P2,unique_physical_mismatch,XGIS4A30,
2023,GIS4N40,71481,SFA2223_P1,SFA2223_P2,unique_physical_mismatch,XGIS4N40,
2023,GIS4G40,71882,SFA2223_P1,SFA2223_P2,unique_physical_mismatch,XGIS4G40,
2023,GIS4T40,71486,SFA2223_P1,SFA2223_P2,unique_physical_mismatch,XGIS4T40,
2023,GIS4A40,71491,SFA2223_P1,SFA2223_P2,unique_physical_mismatch,XGIS4A40,
2023,GIS4N50,71496,SFA2223_P1,SFA2223_P2,unique_physical_mismatch,XGIS4N50,
2023,GIS4G50,71887,SFA2223_P1,SFA2223_P2,unique_physical_mismatch,XGIS4G50,
2023,GIS4T50,71501,SFA2223_P1,SFA2223_P2,unique_physical_mismatch,XGIS4T50,
2023,GIS4A50,71506,SFA2223_P1,SFA2223_P2,unique_physical_mismatch,XGIS4A50,
2023,NPIST2,70711,SFA2223_P1,SFA2223_P2,unique_physical_mismatch,XNPIST2,
2023,NPIST1,70716,SFA2223_P1,SFA2223_P2,unique_physical_mismatch,XNPIST1,
2023,NPIST0,70721,SFA2223_P1,SFA2223_P2,unique_physical_mismatch,XNPIST0,
2023,NPIS412,70726,SFA2223_P1,SFA2223_P2,unique_physical_mismatch,XNPIS412,
2023,NPIS422,70731,SFA2223_P1,SFA2223_P2,unique_physical_mismatch,XNPIS422,
2023,NPIS432,70736,SFA2223_P1,SFA2223_P2,unique_physical_mismatch,XNPIS432,
2023,NPIS442,70741,SFA2223_P1,SFA2223_P2,unique_physical_mismatch,XNPIS442,
2023,NPIS452,70746,SFA2223_P1,SFA2223_P2,unique_physical_mismatch,XNPIS452,
2023,NPIS411,71216,SFA2223_P1,SFA2223_P2,unique_physical_mismatch,XNPIS411,
2023,NPIS421,71221,SFA2223_P1,SFA2223_P2,unique_physical_mismatch,XNPIS421,
2023,NPIS431,71226,SFA2223_P1,SFA2223_P2,unique_physical_mismatch,XNPIS431,
2023,NPIS441,71231,SFA2223_P1,SFA2223_P2,unique_physical_mismatch,XNPIS441,
2023,NPIS451,71236,SFA2223_P1,SFA2223_P2,unique_physical_mismatch,XNPIS451,
2023,NPIS410,71516,SFA2223_P1,SFA2223_P2,unique_physical_mismatch,XNPIS410,
2023,NPIS450,71536,SFA2223_P1,SFA2223_P2,unique_physical_mismatch,XNPIS450,
2023,GRNTN2,70751,SFA2223_P1,SFA2223_P2,unique_physical_mismatch,XGRNTN2,
2023,GRNTON2,70756,SFA2223_P1,SFA2223_P2,unique_physical_mismatch,XGRNTON2,
2023,GRNTWF2,70761,SFA2223_P1,SFA2223_P2,unique_physical_mismatch,XGRNTWF2,
2023,GRNTOF2,70766,SFA2223_P1,SFA2223_P2,unique_physical_mismatch,XGRNTOF2,
2023,GRNTUN2,70771,SFA2223_P1,SFA2223_P2,unique_physical_mismatch,XGRNTUN2,
2023,GRNTT2,70776,SFA2223_P1,SFA2223_P2,unique_physical_mismatch,XGRNTT2,
2023,GRNTA2,70781,SFA2223_P1,SFA2223_P2,unique_physical_mismatch,XGRNTA2,
2023,GRNTN1,70786,SFA2223_P1,SFA2223_P2,unique_physical_mismatch,XGRNTN1,
2023,GRNTON1,70791,SFA2223_P1,SFA2223_P2,unique_physical_mismatch,XGRNTON1,
2023,GRNTWF1,70796,SFA2223_P1,SFA2223_P2,unique_physical_mismatch,XGRNTWF1,
2023,GRNTOF1,70801,SFA2223_P1,SFA2223_P2,unique_physical_mismatch,XGRNTOF1,
2023,GRNTUN1,70806,SFA2223_P1,SFA2223_P2,unique_physical_mismatch,XGRNTUN1,
2023,GRNTT1,70811,SFA2223_P1,SFA2223_P2,unique_physical_mismatch,XGRNTT1,
2023,GRNTA1,70816,SFA2223_P1,SFA2223_P2,unique_physical_mismatch,XGRNTA1,
2023,GRNTN0,70821,SFA2223_P1,SFA2223_P2,unique_physical_mismatch,XGRNTN0,
2023,GRNTON0,70826,SFA2223_P1,SFA2223_P2,unique_physical_mismatch,XGRNTON0,
2023,GRNTWF0,70831,SFA2223_P1,SFA2223_P2,unique_physical_mismatch,XGRNTWF0,
2023,GRNTOF0,70836,SFA2223_P1,SFA2223_P2,unique_physical_mismatch,XGRNTOF0,
2023,GRNTUN0,70841,SFA2223_P1,SFA2223_P2,unique_physical_mismatch,XGRNTUN0,
2023,GRNTT0,70846,SFA2223_P1,SFA2223_P2,unique_physical_mismatch,XGRNTT0,
2023,GRNTA0,70851,SFA2223_P1,SFA2223_P2,unique_physical_mismatch,XGRNTA0,
2023,GRN4N2,70856,SFA2223_P1,SFA2223_P2,unique_physical_mismatch,XGRN4N2,
2023,GRN4ON2,70861,SFA2223_P1,SFA2223_P2,unique_physical_mismatch,XGRN4ON2,
2023,GRN4WF2,70866,SFA2223_P1,SFA2223_P2,unique_physical_mismatch,XGRN4WF2,
2023,GRN4OF2,70871,SFA2223_P1,SFA2223_P2,unique_physical_mismatch,XGRN4OF2,
2023,GRN4UN2,70876,SFA2223_P1,SFA2223_P2,unique_physical_mismatch,XGRN4UN2,
2023,GRN4G2,71892,SFA2223_P1,SFA2223_P2,unique_physical_mismatch,XGRN4G2,
2023,GRN4T2,70881,SFA2223_P1,SFA2223_P2,unique_physical_mismatch,XGRN4T2,
2023,GRN4A2,70886,SFA2223_P1,SFA2223_P2,unique_physical_mismatch,XGRN4A2,
2023,GRN4N12,70891,SFA2223_P1,SFA2223_P2,unique_physical_mismatch,XGRN4N12,
2023,GRN4G12,71897,SFA2223_P1,SFA2223_P2,unique_physical_mismatch,XGRN4G12,
2023,GRN4T12,70896,SFA2223_P1,SFA2223_P2,unique_physical_mismatch,XGRN4T12,
2023,GRN4A12,70901,SFA2223_P1,SFA2223_P2,unique_physical_mismatch,XGRN4A12,
2023,GRN4N22,70906,SFA2223_P1,SFA2223_P2,unique_physical_mismatch,XGRN4N22,
2023,GRN4G22,71902,SFA2223_P1,SFA2223_P2,unique_physical_mismatch,XGRN4G22,
2023,GRN4T22,70911,SFA2223_P1,SFA2223_P2,unique_physical_mismatch,XGRN4T22,
2023,GRN4A22,70916,SFA2223_P1,SFA2223_P2,unique_physical_mismatch,XGRN4A22,
2023,GRN4N32,70921,SFA2223_P1,SFA2223_P2,unique_physical_mismatch,XGRN4N32,
2023,GRN4G32,71907,SFA2223_P1,SFA2223_P2,unique_physical_mismatch,XGRN4G32,
2023,GRN4T32,70926,SFA2223_P1,SFA2223_P2,unique_physical_mismatch,XGRN4T32,
2023,GRN4A32,70931,SFA2223_P1,SFA2223_P2,unique_physical_mismatch,XGRN4A32,
2023,GRN4N42,70936,SFA2223_P1,SFA2223_P2,unique_physical_mismatch,XGRN4N42,
2023,GRN4G42,71912,SFA2223_P1,SFA2223_P2,unique_physical_mismatch,XGRN4G42,
2023,GRN4T42,70941,SFA2223_P1,SFA2223_P2,unique_physical_mismatch,XGRN4T42,
2023,GRN4A42,70946,SFA2223_P1,SFA2223_P2,unique_physical_mismatch,XGRN4A42,
2023,GRN4N52,70951,SFA2223_P1,SFA2223_P2,unique_physical_mismatch,XGRN4N52,
2023,GRN4G52,71917,SFA2223_P1,SFA2223_P2,unique_physical_mismatch,XGRN4G52,
2023,GRN4T52,70956,SFA2223_P1,SFA2223_P2,unique_physical_mismatch,XGRN4T52,
2023,GRN4A52,70961,SFA2223_P1,SFA2223_P2,unique_physical_mismatch,XGRN4A52,
2023,GRN4N1,71241,SFA2223_P1,SFA2223_P2,unique_physical_mismatch,XGRN4N1,
2023,GRN4ON1,71246,SFA2223_P1,SFA2223_P2,unique_physical_mismatch,XGRN4ON1,
2023,GRN4WF1,71251,SFA2223_P1,SFA2223_P2,unique_physical_mismatch,XGRN4WF1,
2023,GRN4OF1,71256,SFA2223_P1,SFA2223_P2,unique_physical_mismatch,XGRN4OF1,
2023,GRN4UN1,71261,SFA2223_P1,SFA2223_P2,unique_physical_mismatch,XGRN4UN1,
2023,GRN4G1,71922,SFA2223_P1,SFA2223_P2,unique_physical_mismatch,XGRN4G1,
2023,GRN4T1,71266,SFA2223_P1,SFA2223_P2,unique_physical_mismatch,XGRN4T1,
2023,GRN4A1,71271,SFA2223_P1,SFA2223_P2,unique_physical_mismatch,XGRN4A1,
2023,GRN4N11,71276,SFA2223_P1,SFA2223_P2,unique_physical_mismatch,XGRN4N11,
2023,GRN4G11,71927,SFA2223_P1,SFA2223_P2,unique_physical_mismatch,XGRN4G11,
2023,GRN4T11,71281,SFA2223_P1,SFA2223_P2,unique_physical_mismatch,XGRN4T11,
2023,GRN4A11,71286,SFA2223_P1,SFA2223_P2,unique_physical_mismatch,XGRN4A11,
2023,GRN4N21,71291,SFA2223_P1,SFA2223_P2,unique_physical_mismatch,XGRN4N21,
2023,GRN4G21,71932,SFA2223_P1,SFA2223_P2,unique_physical_mismatch,XGRN4G21,
2023,GRN4T21,71296,SFA2223_P1,SFA2223_P2,unique_physical_mismatch,XGRN4T21,
2023,GRN4A21,71301,SFA2223_P1,SFA2223_P2,unique_physical_mismatch,XGRN4A21,
2023,GRN4N31,71306,SFA2223_P1,SFA2223_P2,unique_physical_mismatch,XGRN4N31,
2023,GRN4G31,71937,SFA2223_P1,SFA2223_P2,unique_physical_mismatch,XGRN4G31,
2023,GRN4T31,71311,SFA2223_P1,SFA2223_P2,unique_physical_mismatch,XGRN4T31,
2023,GRN4A31,71316,SFA2223_P1,SFA2223_P2,unique_physical_mismatch,XGRN4A31,
2023,GRN4N41,71321,SFA2223_P1,SFA2223_P2,unique_physical_mismatch,XGRN4N41,
2023,GRN4G41,71942,SFA2223_P1,SFA2223_P2,unique_physical_mismatch,XGRN4G41,
2023,GRN4T41,71326,SFA2223_P1,SFA2223_P2,unique_physical_mismatch,XGRN4T41,
2023,GRN4A41,71331,SFA2223_P1,SFA2223_P2,unique_physical_mismatch,XGRN4A41,
2023,GRN4N51,71336,SFA2223_P1,SFA2223_P2,unique_physical_mismatch,XGRN4N51,
2023,GRN4G51,71947,SFA2223_P1,SFA2223_P2,unique_physical_mismatch,XGRN4G51,
2023,GRN4T51,71341,SFA2223_P1,SFA2223_P2,unique_physical_mismatch,XGRN4T51,
2023,GRN4N0,71541,SFA2223_P1,SFA2223_P2,unique_physical_mismatch,XGRN4N0,
2023,GRN4ON0,71546,SFA2223_P1,SFA2223_P2,unique_physical_mismatch,XGRN4ON0,
2023,GRN4WF0,71551,SFA2223_P1,SFA2223_P2,unique_physical_mismatch,XGRN4WF0,
2023,GRN4OF0,71556,SFA2223_P1,SFA2223_P2,unique_physical_mismatch,XGRN4OF0,
2023,GRN4UN0,71561,SFA2223_P1,SFA2223_P2,unique_physical_mismatch,XGRN4UN0,
2023,GRN4G0,71952,SFA2223_P1,SFA2223_P2,unique_physical_mismatch,XGRN4G0,
2023,GRN4T0,71566,SFA2223_P1,SFA2223_P2,unique_physical_mismatch,XGRN4T0,
2023,GRN4A0,71571,SFA2223_P1,SFA2223_P2,unique_physical_mismatch,XGRN4A0,
2023,GRN4N10,71576,SFA2223_P1,SFA2223_P2,unique_physical_mismatch,XGRN4N10,
2023,GRN4G10,71957,SFA2223_P1,SFA2223_P2,unique_physical_mismatch,XGRN4G10,
2023,GRN4T10,71581,SFA2223_P1,SFA2223_P2,unique_physical_mismatch,XGRN4T10,
2023,GRN4A10,71586,SFA2223_P1,SFA2223_P2,unique_physical_mismatch,XGRN4A10,
2023,GRN4N20,71591,SFA2223_P1,SFA2223_P2,unique_physical_mismatch,XGRN4N20,
2023,GRN4G20,71962,SFA2223_P1,SFA2223_P2,unique_physical_mismatch,XGRN4G20,
2023,GRN4T20,71596,SFA2223_P1,SFA2223_P2,unique_physical_mismatch,XGRN4T20,
2023,GRN4A20,71601,SFA2223_P1,SFA2223_P2,unique_physical_mismatch,XGRN4A20,
2023,GRN4N30,71606,SFA2223_P1,SFA2223_P2,unique_physical_mismatch,XGRN4N30,
2023,GRN4G30,71967,SFA2223_P1,SFA2223_P2,unique_physical_mismatch,XGRN4G30,
2023,GRN4T30,71611,SFA2223_P1,SFA2223_P2,unique_physical_mismatch,XGRN4T30,
2023,GRN4A30,71616,SFA2223_P1,SFA2223_P2,unique_physical_mismatch,XGRN4A30,
2023,GRN4N40,71621,SFA2223_P1,SFA2223_P2,unique_physical_mismatch,XGRN4N40,
2023,GRN4G40,71972,SFA2223_P1,SFA2223_P2,unique_physical_mismatch,XGRN4G40,
2023,GRN4T40,71626,SFA2223_P1,SFA2223_P2,unique_physical_mismatch,XGRN4T40,
2023,GRN4A40,71631,SFA2223_P1,SFA2223_P2,unique_physical_mismatch,XGRN4A40,
2023,GRN4N50,71636,SFA2223_P1,SFA2223_P2,unique_physical_mismatch,XGRN4N50,
2023,GRN4G50,71977,SFA2223_P1,SFA2223_P2,unique_physical_mismatch,XGRN4G50,
2023,GRN4T50,71641,SFA2223_P1,SFA2223_P2,unique_physical_mismatch,XGRN4T50,
2023,GRN4A50,71646,SFA2223_P1,SFA2223_P2,unique_physical_mismatch,XGRN4A50,
2023,NPGRN2,70966,SFA2223_P1,SFA2223_P2,unique_physical_mismatch,XNPGRN2,
2023,NPGRN1,70971,SFA2223_P1,SFA2223_P2,unique_physical_mismatch,XNPGRN1,
2023,NPGRN0,70976,SFA2223_P1,SFA2223_P2,unique_physical_mismatch,XNPGRN0,
2023,NPT412,70981,SFA2223_P1,SFA2223_P2,unique_physical_mismatch,XNPT412,
2023,NPT422,70986,SFA2223_P1,SFA2223_P2,unique_physical_mismatch,XNPT422,
2023,NPT432,70991,SFA2223_P1,SFA2223_P2,unique_physical_mismatch,XNPT432,
2023,NPT442,70996,SFA2223_P1,SFA2223_P2,unique_physical_mismatch,XNPT442,
2023,NPT452,71001,SFA2223_P1,SFA2223_P2,unique_physical_mismatch,XNPT452,
2023,NPT411,71351,SFA2223_P1,SFA2223_P2,unique_physical_mismatch,XNPT411,
2023,NPT421,71356,SFA2223_P1,SFA2223_P2,unique_physical_mismatch,XNPT421,
2023,NPT431,71361,SFA2223_P1,SFA2223_P2,unique_physical_mismatch,XNPT431,
2023,NPT441,71366,SFA2223_P1,SFA2223_P2,unique_physical_mismatch,XNPT441,
2023,NPT451,71371,SFA2223_P1,SFA2223_P2,unique_physical_mismatch,XNPT451,
2023,NPT410,71651,SFA2223_P1,SFA2223_P2,unique_physical_mismatch,XNPT410,
2023,NPT450,71671,SFA2223_P1,SFA2223_P2,unique_physical_mismatch,XNPT450,
2023,SCUGRAD,70291,SFA2223_P2,SFA2223_P1,unique_physical_mismatch,XSCUGRAD,
2023,SCUGDGSK,73004,SFA2223_P2,SFA2223_P1,unique_physical_mismatch,XSCUGDGSK,
2023,SCUGNDGS,73006,SFA2223_P2,SFA2223_P1,unique_physical_mismatch,XSCUGNDGS,
2023,SCUGFFN,70286,SFA2223_P2,SFA2223_P1,unique_physical_mismatch,XSCUGFFN,
2023,SCUGFFP,70296,SFA2223_P2,SFA2223_P2,consistent,XSCUGFFP,
2023,SCFA2,70176,SFA2223_P2,SFA2223_P1,unique_physical_mismatch,XSCFA2,
2023,SCFA2DG,73014,SFA2223_P2,SFA2223_P1,unique_physical_mismatch,XSCFA2DG,
2023,SCFA2ND,73016,SFA2223_P2,,absent_from_database,XSCFA2ND,
2023,SCFA1N,70126,SFA2223_P2,SFA2223_P1,unique_physical_mismatch,XSCFA1N,
2023,SCFA1P,70131,SFA2223_P2,SFA2223_P1,unique_physical_mismatch,XSCFA1P,
2023,SCFA11N,70136,SFA2223_P2,SFA2223_P1,unique_physical_mismatch,XSCFA11N,
2023,SCFA11P,70141,SFA2223_P2,SFA2223_P1,unique_physical_mismatch,XSCFA11P,
2023,SCFA12N,70146,SFA2223_P2,SFA2223_P1,unique_physical_mismatch,XSCFA12N,
2023,SCFA12P,70151,SFA2223_P2,SFA2223_P1,unique_physical_mismatch,XSCFA12P,
2023,SCFA13N,70156,SFA2223_P2,SFA2223_P1,unique_physical_mismatch,XSCFA13N,
2023,SCFA13P,70161,SFA2223_P2,SFA2223_P1,unique_physical_mismatch,XSCFA13P,
2023,SCFA14N,70166,SFA2223_P2,SFA2223_P1,unique_physical_mismatch,XSCFA14N,
2023,SCFA14P,70171,SFA2223_P2,SFA2223_P1,unique_physical_mismatch,XSCFA14P,
2023,SCFY2,70191,SFA2223_P2,SFA2223_P1,unique_physical_mismatch,XSCFY2,
2023,SCFY2DG,73040,SFA2223_P2,SFA2223_P1,unique_physical_mismatch,XSCFY2DG,
2023,SCFY2ND,73042,SFA2223_P2,SFA2223_P1,unique_physical_mismatch,XSCFY2ND,
2023,SCFY1N,70181,SFA2223_P2,SFA2223_P1,unique_physical_mismatch,XSCFY1N,
2023,SCFY1P,70186,SFA2223_P2,SFA2223_P1,unique_physical_mismatch,XSCFY1P,
2023,UAGRNTN,70401,SFA2223_P2,SFA2223_P1,unique_physical_mismatch,XUAGRNTN,
2023,UAGRNTP,70406,SFA2223_P2,SFA2223_P1,unique_physical_mismatch,XUAGRNTP,
2023,UAGRNTT,70301,SFA2223_P2,SFA2223_P1,unique_physical_mismatch,XUAGRNTT,
2023,UAGRNTA,70411,SFA2223_P2,SFA2223_P1,unique_physical_mismatch,XUAGRNTA,
2023,UDGAGRNTN,73056,SFA2223_P2,SFA2223_P1,unique_physical_mismatch,XUDGAGRNTN,
2023,UDGAGRNTP,73058,SFA2223_P2,SFA2223_P1,unique_physical_mismatch,XUDGAGRNTP,
2023,DOD_T,72081,SFAV2223,SFAV2223,consistent,XDOD_T,
2023,DOD_A,72086,SFAV2223,SFAV2223,consistent,XDOD_A,
2023,UDGAGRNTT,73060,SFA2223_P2,SFA2223_P1,unique_physical_mismatch,XUDGAGRNTT,
2023,UDGAGRNTA,73062,SFA2223_P2,SFA2223_P1,unique_physical_mismatch,XUDGAGRNTA,
2023,UNDAGRNTN,73064,SFA2223_P2,SFA2223_P1,unique_physical_mismatch,XUNDAGRNTN,
2023,UNDAGRNTP,73066,SFA2223_P2,SFA2223_P1,unique_physical_mismatch,XUNDAGRNTP,
2023,UNDAGRNTT,73068,SFA2223_P2,SFA2223_P1,unique_physical_mismatch,XUNDAGRNTT,
2023,UNDAGRNTA,73070,SFA2223_P2,SFA2223_P1,unique_physical_mismatch,XUNDAGRNTA,
2023,UPGRNTN,70306,SFA2223_P2,SFA2223_P1,unique_physical_mismatch,XUPGRNTN,
2023,UPGRNTP,70416,SFA2223_P2,SFA2223_P1,unique_physical_mismatch,XUPGRNTP,
2023,UPGRNTT,70421,SFA2223_P2,SFA2223_P1,unique_physical_mismatch,XUPGRNTT,
2023,UPGRNTA,70426,SFA2223_P2,SFA2223_P1,unique_physical_mismatch,XUPGRNTA,
2023,UDGPGRNTN,73079,SFA2223_P2,SFA2223_P1,unique_physical_mismatch,XUDGPGRNTN,
2023,UDGPGRNTP,73080,SFA2223_P2,SFA2223_P1,unique_physical_mismatch,XUDGPGRNTP,
2023,UDGPGRNTT,73081,SFA2223_P2,SFA2223_P1,unique_physical_mismatch,XUDGPGRNTT,
2023,UDGPGRNTA,73082,SFA2223_P2,SFA2223_P1,unique_physical_mismatch,XUDGPGRNTA,
2023,UNDPGRNTN,73084,SFA2223_P2,SFA2223_P1,unique_physical_mismatch,XUNDPGRNTN,
2023,UNDPGRNTP,73085,SFA2223_P2,SFA2223_P1,unique_physical_mismatch,XUNDPGRNTP,
2023,UNDPGRNTT,73086,SFA2223_P2,SFA2223_P1,unique_physical_mismatch,XUNDPGRNTT,
2023,UNDPGRNTA,73087,SFA2223_P2,SFA2223_P1,unique_physical_mismatch,XUNDPGRNTA,
2023,UFLOANN,70431,SFA2223_P2,SFA2223_P1,unique_physical_mismatch,XUFLOANN,
2023,UFLOANP,70436,SFA2223_P2,SFA2223_P1,unique_physical_mismatch,XUFLOANP,
2023,UFLOANT,70441,SFA2223_P2,SFA2223_P1,unique_physical_mismatch,XUFLOANT,
2023,UFLOANA,70446,SFA2223_P2,SFA2223_P1,unique_physical_mismatch,XUFLOANA,
2023,UDGFLOANN,73089,SFA2223_P2,SFA2223_P1,unique_physical_mismatch,XUDGFLOANN,
2023,UDGFLOANP,73090,SFA2223_P2,SFA2223_P1,unique_physical_mismatch,XUDGFLOANP,
2023,UDGFLOANT,73091,SFA2223_P2,SFA2223_P1,unique_physical_mismatch,XUDGFLOANT,
2023,UDGFLOANA,73092,SFA2223_P2,SFA2223_P1,unique_physical_mismatch,XUDGFLOANA,
2023,UNDFLOANN,73094,SFA2223_P2,SFA2223_P1,unique_physical_mismatch,XUNDFLOANN,
2023,UNDFLOANP,73095,SFA2223_P2,SFA2223_P1,unique_physical_mismatch,XUNDFLOANP,
2023,UNDFLOANT,73096,SFA2223_P2,SFA2223_P1,unique_physical_mismatch,XUNDFLOANT,
2023,UNDFLOANA,73097,SFA2223_P2,SFA2223_P1,unique_physical_mismatch,XUNDFLOANA,
2023,ANYAIDN,70196,SFA2223_P2,SFA2223_P1,unique_physical_mismatch,XANYAIDN,
2023,ANYAIDP,70201,SFA2223_P2,SFA2223_P1,unique_physical_mismatch,XANYAIDP,
2023,AIDFSIN,71099,SFA2223_P2,SFA2223_P1,unique_physical_mismatch,XAIDFSIN,
2023,AIDFSIP,71100,SFA2223_P2,SFA2223_P1,unique_physical_mismatch,XAIDFSIP,
2023,AGRNT_N,70311,SFA2223_P2,SFA2223_P1,unique_physical_mismatch,XAGRNT_N,
2023,AGRNT_P,70316,SFA2223_P2,SFA2223_P1,unique_physical_mismatch,XAGRNT_P,
2023,AGRNT_T,70451,SFA2223_P2,SFA2223_P1,unique_physical_mismatch,XAGRNT_T,
2023,AGRNT_A,70321,SFA2223_P2,SFA2223_P1,unique_physical_mismatch,XAGRNT_A,
2023,FGRNT_N,70206,SFA2223_P2,SFA2223_P1,unique_physical_mismatch,XFGRNT_N,
2023,FGRNT_P,70211,SFA2223_P2,SFA2223_P1,unique_physical_mismatch,XFGRNT_P,
2023,FGRNT_T,70456,SFA2223_P2,SFA2223_P1,unique_physical_mismatch,XFGRNT_T,
2023,FGRNT_A,70216,SFA2223_P2,SFA2223_P1,unique_physical_mismatch,XFGRNT_A,
2023,PGRNT_N,70326,SFA2223_P2,SFA2223_P1,unique_physical_mismatch,XPGRNT_N,
2023,PGRNT_P,70331,SFA2223_P2,SFA2223_P1,unique_physical_mismatch,XPGRNT_P,
2023,PGRNT_T,70461,SFA2223_P2,SFA2223_P1,unique_physical_mismatch,XPGRNT_T,
2023,PGRNT_A,70336,SFA2223_P2,SFA2223_P1,unique_physical_mismatch,XPGRNT_A,
2023,OFGRT_N,70341,SFA2223_P2,SFA2223_P1,unique_physical_mismatch,XOFGRT_N,
2023,OFGRT_P,70346,SFA2223_P2,SFA2223_P1,unique_physical_mismatch,XOFGRT_P,
2023,OFGRT_T,70466,SFA2223_P2,SFA2223_P1,unique_physical_mismatch,XOFGRT_T,
2023,OFGRT_A,70351,SFA2223_P2,SFA2223_P1,unique_physical_mismatch,XOFGRT_A,
2023,SGRNT_N,70221,SFA2223_P2,SFA2223_P1,unique_physical_mismatch,XSGRNT_N,
2023,SGRNT_P,70226,SFA2223_P2,SFA2223_P1,unique_physical_mismatch,XSGRNT_P,
2023,SGRNT_T,70471,SFA2223_P2,SFA2223_P1,unique_physical_mismatch,XSGRNT_T,
2023,SGRNT_A,70231,SFA2223_P2,SFA2223_P1,unique_physical_mismatch,XSGRNT_A,
2023,IGRNT_N,70236,SFA2223_P2,SFA2223_P1,unique_physical_mismatch,XIGRNT_N,
2023,IGRNT_P,70241,SFA2223_P2,SFA2223_P1,unique_physical_mismatch,XIGRNT_P,
2023,IGRNT_T,70476,SFA2223_P2,SFA2223_P1,unique_physical_mismatch,XIGRNT_T,
2023,IGRNT_A,70246,SFA2223_P2,SFA2223_P1,unique_physical_mismatch,XIGRNT_A,
2023,LOAN_N,70251,SFA2223_P2,SFA2223_P1,unique_physical_mismatch,XLOAN_N,
2023,LOAN_P,70256,SFA2223_P2,SFA2223_P1,unique_physical_mismatch,XLOAN_P,
2023,LOAN_T,70481,SFA2223_P2,SFA2223_P1,unique_physical_mismatch,XLOAN_T,
2023,LOAN_A,70261,SFA2223_P2,SFA2223_P1,unique_physical_mismatch,XLOAN_A,
2023,FLOAN_N,70356,SFA2223_P2,SFA2223_P1,unique_physical_mismatch,XFLOAN_N,
2023,FLOAN_P,70361,SFA2223_P2,SFA2223_P1,unique_physical_mismatch,XFLOAN_P,
2023,FLOAN_T,70486,SFA2223_P2,SFA2223_P1,unique_physical_mismatch,XFLOAN_T,
2023,FLOAN_A,70366,SFA2223_P2,SFA2223_P1,unique_physical_mismatch,XFLOAN_A,
2023,OLOAN_N,70371,SFA2223_P2,SFA2223_P1,unique_physical_mismatch,XOLOAN_N,
2023,OLOAN_P,70376,SFA2223_P2,SFA2223_P1,unique_physical_mismatch,XOLOAN_P,
2023,OLOAN_T,70491,SFA2223_P2,SFA2223_P1,unique_physical_mismatch,XOLOAN_T,
2023,OLOAN_A,70381,SFA2223_P2,SFA2223_P1,unique_physical_mismatch,XOLOAN_A,
2023,UGPO9_N,72001,SFAV2223,SFAV2223,consistent,XUGPO9_N,
2023,UGPO9_T,72006,SFAV2223,SFAV2223,consistent,XUGPO9_T,
2023,UGPO9_A,72011,SFAV2223,SFAV2223,consistent,XUGPO9_A,
2023,GPO9_N,72016,SFAV2223,SFAV2223,consistent,XGPO9_N,
2023,GPO9_T,72021,SFAV2223,SFAV2223,consistent,XGPO9_T,
2023,GPO9_A,72026,SFAV2223,SFAV2223,consistent,XGPO9_A,
2023,PO9_N,72031,SFAV2223,SFAV2223,consistent,XPO9_N,
2023,PO9_T,72036,SFAV2223,SFAV2223,consistent,XPO9_T,
2023,PO9_A,72041,SFAV2223,SFAV2223,consistent,XPO9_A,
2023,UGDOD_N,72046,SFAV2223,SFAV2223,consistent,XUGDOD_N,
2023,UGDOD_T,72051,SFAV2223,SFAV2223,consistent,XUGDOD_T,
2023,UGDOD_A,72056,SFAV2223,SFAV2223,consistent,XUGDOD_A,
2023,GDOD_N,72061,SFAV2223,SFAV2223,consistent,XGDOD_N,
2023,GDOD_T,72066,SFAV2223,SFAV2223,consistent,XGDOD_T,
2023,GDOD_A,72071,SFAV2223,SFAV2223,consistent,XGDOD_A,
2023,DOD_N,72076,SFAV2223,SFAV2223,consistent,XDOD_N,
2023,GRN4A51,71346,SFA2223_P1,SFA2223_P2,unique_physical_mismatch,XGRN4A51,
